Workbook
Name HomeEdge: 'NHL Model'!$B$1

Sheet NHL2025-26Results
A1: Date | B1: Visitor | C1: G | D1: Home | E1: G_1 | F1: Column1 | G1: Winning Team | H1: Losing Team | I1: Winning_G | J1: Losing_G
A2: 2025-10-07 | B2: Chicago Blackhawks | C2: 2 | D2: Florida Panthers | E2: 3 | G2: Florida Panthers | H2: Chicago Blackhawks | I2: 3 | J2: 2
A3: 2025-10-07 | B3: Colorado Avalanche | C3: 4 | D3: Los Angeles Kings | E3: 1 | G3: Colorado Avalanche | H3: Los Angeles Kings | I3: 4 | J3: 1
A4: 2025-10-07 | B4: Pittsburgh Penguins | C4: 3 | D4: New York Rangers | E4: 0 | G4: Pittsburgh Penguins | H4: New York Rangers | I4: 3 | J4: 0
A5: 2025-10-08 | B5: Calgary Flames | C5: 4 | D5: Edmonton Oilers | E5: 3 | F5: SO | G5: Calgary Flames | H5: Edmonton Oilers | I5: 4 | J5: 3
A6: 2025-10-08 | B6: Montreal Canadiens | C6: 2 | D6: Toronto Maple Leafs | E6: 5 | G6: Toronto Maple Leafs | H6: Montreal Canadiens | I6: 5 | J6: 2
A7: 2025-10-08 | B7: Los Angeles Kings | C7: 6 | D7: Vegas Golden Knights | E7: 5 | F7: SO | G7: Los Angeles Kings | H7: Vegas Golden Knights | I7: 6 | J7: 5
A8: 2025-10-08 | B8: Boston Bruins | C8: 3 | D8: Washington Capitals | E8: 1 | G8: Boston Bruins | H8: Washington Capitals | I8: 3 | J8: 1
A9: 2025-10-09 | B9: Chicago Blackhawks | C9: 3 | D9: Boston Bruins | E9: 4 | F9: OT | G9: Boston Bruins | H9: Chicago Blackhawks | I9: 4 | J9: 3
A10: 2025-10-09 | B10: New York Rangers | C10: 4 | D10: Buffalo Sabres | E10: 0 | G10: New York Rangers | H10: Buffalo Sabres | I10: 4 | J10: 0
A11: 2025-10-09 | B11: New Jersey Devils | C11: 3 | D11: Carolina Hurricanes | E11: 6 | G11: Carolina Hurricanes | H11: New Jersey Devils | I11: 6 | J11: 3
A12: 2025-10-09 | B12: Utah Mammoth | C12: 1 | D12: Colorado Avalanche | E12: 2 | G12: Colorado Avalanche | H12: Utah Mammoth | I12: 2 | J12: 1
A13: 2025-10-09 | B13: Montreal Canadiens | C13: 5 | D13: Detroit Red Wings | E13: 1 | G13: Montreal Canadiens | H13: Detroit Red Wings | I13: 5 | J13: 1
A14: 2025-10-09 | B14: Philadelphia Flyers | C14: 1 | D14: Florida Panthers | E14: 2 | G14: Florida Panthers | H14: Philadelphia Flyers | I14: 2 | J14: 1
A15: 2025-10-09 | B15: Columbus Blue Jackets | C15: 1 | D15: Nashville Predators | E15: 2 | G15: Nashville Predators | H15: Columbus Blue Jackets | I15: 2 | J15: 1
A16: 2025-10-09 | B16: New York Islanders | C16: 3 | D16: Pittsburgh Penguins | E16: 4 | G16: Pittsburgh Penguins | H16: New York Islanders | I16: 4 | J16: 3
A17: 2025-10-09 | B17: Anaheim Ducks | C17: 1 | D17: Seattle Kraken | E17: 3 | G17: Seattle Kraken | H17: Anaheim Ducks | I17: 3 | J17: 1
A18: 2025-10-09 | B18: Vegas Golden Knights | C18: 4 | D18: San Jose Sharks | E18: 3 | F18: OT | G18: Vegas Golden Knights | H18: San Jose Sharks | I18: 4 | J18: 3
A19: 2025-10-09 | B19: Minnesota Wild | C19: 5 | D19: St. Louis Blues | E19: 0 | G19: Minnesota Wild | H19: St. Louis Blues | I19: 5 | J19: 0
A20: 2025-10-09 | B20: Ottawa Senators | C20: 5 | D20: Tampa Bay Lightning | E20: 4 | G20: Ottawa Senators | H20: Tampa Bay Lightning | I20: 5 | J20: 4
A21: 2025-10-09 | B21: Calgary Flames | C21: 1 | D21: Vancouver Canucks | E21: 5 | G21: Vancouver Canucks | H21: Calgary Flames | I21: 5 | J21: 1
A22: 2025-10-09 | B22: Dallas Stars | C22: 5 | D22: Winnipeg Jets | E22: 4 | G22: Dallas Stars | H22: Winnipeg Jets | I22: 5 | J22: 4
A23: 2025-10-11 | B23: Buffalo Sabres | C23: 1 | D23: Boston Bruins | E23: 3 | G23: Boston Bruins | H23: Buffalo Sabres | I23: 3 | J23: 1
A24: 2025-10-11 | B24: Philadelphia Flyers | C24: 3 | D24: Carolina Hurricanes | E24: 4 | F24: OT | G24: Carolina Hurricanes | H24: Philadelphia Flyers | I24: 4 | J24: 3
A25: 2025-10-11 | B25: St. Louis Blues | C25: 4 | D25: Calgary Flames | E25: 2 | G25: St. Louis Blues | H25: Calgary Flames | I25: 4 | J25: 2
A26: 2025-10-11 | B26: Montreal Canadiens | C26: 3 | D26: Chicago Blackhawks | E26: 2 | G26: Montreal Canadiens | H26: Chicago Blackhawks | I26: 3 | J26: 2
A27: 2025-10-11 | B27: Dallas Stars | C27: 5 | D27: Colorado Avalanche | E27: 4 | F27: SO | G27: Dallas Stars | H27: Colorado Avalanche | I27: 5 | J27: 4
A28: 2025-10-11 | B28: Toronto Maple Leafs | C28: 3 | D28: Detroit Red Wings | E28: 6 | G28: Detroit Red Wings | H28: Toronto Maple Leafs | I28: 6 | J28: 3
A29: 2025-10-11 | B29: Vancouver Canucks | C29: 1 | D29: Edmonton Oilers | E29: 3 | G29: Edmonton Oilers | H29: Vancouver Canucks | I29: 3 | J29: 1
A30: 2025-10-11 | B30: Ottawa Senators | C30: 2 | D30: Florida Panthers | E30: 6 | G30: Florida Panthers | H30: Ottawa Senators | I30: 6 | J30: 2
A31: 2025-10-11 | B31: Columbus Blue Jackets | C31: 7 | D31: Minnesota Wild | E31: 4 | G31: Columbus Blue Jackets | H31: Minnesota Wild | I31: 7 | J31: 4
A32: 2025-10-11 | B32: Utah Mammoth | C32: 3 | D32: Nashville Predators | E32: 2 | F32: OT | G32: Utah Mammoth | H32: Nashville Predators | I32: 3 | J32: 2
A33: 2025-10-11 | B33: Washington Capitals | C33: 4 | D33: New York Islanders | E33: 2 | G33: Washington Capitals | H33: New York Islanders | I33: 4 | J33: 2
A34: 2025-10-11 | B34: New York Rangers | C34: 6 | D34: Pittsburgh Penguins | E34: 1 | G34: New York Rangers | H34: Pittsburgh Penguins | I34: 6 | J34: 1
A35: 2025-10-11 | B35: Vegas Golden Knights | C35: 1 | D35: Seattle Kraken | E35: 2 | F35: OT | G35: Seattle Kraken | H35: Vegas Golden Knights | I35: 2 | J35: 1
A36: 2025-10-11 | B36: Anaheim Ducks | C36: 7 | D36: San Jose Sharks | E36: 6 | F36: OT | G36: Anaheim Ducks | H36: San Jose Sharks | I36: 7 | J36: 6
A37: 2025-10-11 | B37: New Jersey Devils | C37: 5 | D37: Tampa Bay Lightning | E37: 3 | G37: New Jersey Devils | H37: Tampa Bay Lightning | I37: 5 | J37: 3
A38: 2025-10-11 | B38: Los Angeles Kings | C38: 2 | D38: Winnipeg Jets | E38: 3 | G38: Winnipeg Jets | H38: Los Angeles Kings | I38: 3 | J38: 2
A39: 2025-10-12 | B39: Washington Capitals | C39: 1 | D39: New York Rangers | E39: 0 | G39: Washington Capitals | H39: New York Rangers | I39: 1 | J39: 0
A40: 2025-10-13 | B40: Tampa Bay Lightning | C40: 4 | D40: Boston Bruins | E40: 3 | G40: Tampa Bay Lightning | H40: Boston Bruins | I40: 4 | J40: 3
A41: 2025-10-13 | B41: Colorado Avalanche | C41: 3 | D41: Buffalo Sabres | E41: 1 | G41: Colorado Avalanche | H41: Buffalo Sabres | I41: 3 | J41: 1
A42: 2025-10-13 | B42: New Jersey Devils | C42: 3 | D42: Columbus Blue Jackets | E42: 2 | G42: New Jersey Devils | H42: Columbus Blue Jackets | I42: 3 | J42: 2
A43: 2025-10-13 | B43: Utah Mammoth | C43: 1 | D43: Chicago Blackhawks | E43: 3 | G43: Chicago Blackhawks | H43: Utah Mammoth | I43: 3 | J43: 1
A44: 2025-10-13 | B44: Los Angeles Kings | C44: 3 | D44: Minnesota Wild | E44: 4 | F44: SO | G44: Minnesota Wild | H44: Los Angeles Kings | I44: 4 | J44: 3
A45: 2025-10-13 | B45: Winnipeg Jets | C45: 5 | D45: New York Islanders | E45: 2 | G45: Winnipeg Jets | H45: New York Islanders | I45: 5 | J45: 2
A46: 2025-10-13 | B46: Nashville Predators | C46: 4 | D46: Ottawa Senators | E46: 1 | G46: Nashville Predators | H46: Ottawa Senators | I46: 4 | J46: 1
A47: 2025-10-13 | B47: Florida Panthers | C47: 2 | D47: Philadelphia Flyers | E47: 5 | G47: Philadelphia Flyers | H47: Florida Panthers | I47: 5 | J47: 2
A48: 2025-10-13 | B48: Detroit Red Wings | C48: 3 | D48: Toronto Maple Leafs | E48: 2 | G48: Detroit Red Wings | H48: Toronto Maple Leafs | I48: 3 | J48: 2
A49: 2025-10-13 | B49: St. Louis Blues | C49: 5 | D49: Vancouver Canucks | E49: 2 | G49: St. Louis Blues | H49: Vancouver Canucks | I49: 5 | J49: 2
A50: 2025-10-14 | B50: Pittsburgh Penguins | C50: 3 | D50: Anaheim Ducks | E50: 4 | G50: Anaheim Ducks | H50: Pittsburgh Penguins | I50: 4 | J50: 3
A51: 2025-10-14 | B51: Vegas Golden Knights | C51: 4 | D51: Calgary Flames | E51: 2 | G51: Vegas Golden Knights | H51: Calgary Flames | I51: 4 | J51: 2
A52: 2025-10-14 | B52: Minnesota Wild | C52: 2 | D52: Dallas Stars | E52: 5 | G52: Dallas Stars | H52: Minnesota Wild | I52: 5 | J52: 2
A53: 2025-10-14 | B53: Seattle Kraken | C53: 4 | D53: Montreal Canadiens | E53: 5 | F53: OT | G53: Montreal Canadiens | H53: Seattle Kraken | I53: 5 | J53: 4
A54: 2025-10-14 | B54: Edmonton Oilers | C54: 2 | D54: New York Rangers | E54: 0 | G54: Edmonton Oilers | H54: New York Rangers | I54: 2 | J54: 0
A55: 2025-10-14 | B55: Carolina Hurricanes | C55: 5 | D55: San Jose Sharks | E55: 1 | G55: Carolina Hurricanes | H55: San Jose Sharks | I55: 5 | J55: 1
A56: 2025-10-14 | B56: Nashville Predators | C56: 4 | D56: Toronto Maple Leafs | E56: 7 | G56: Toronto Maple Leafs | H56: Nashville Predators | I56: 7 | J56: 4
A57: 2025-10-14 | B57: Tampa Bay Lightning | C57: 2 | D57: Washington Capitals | E57: 3 | F57: OT | G57: Washington Capitals | H57: Tampa Bay Lightning | I57: 3 | J57: 2
A58: 2025-10-15 | B58: Ottawa Senators | C58: 4 | D58: Buffalo Sabres | E58: 8 | G58: Buffalo Sabres | H58: Ottawa Senators | I58: 8 | J58: 4
A59: 2025-10-15 | B59: Florida Panthers | C59: 1 | D59: Detroit Red Wings | E59: 4 | G59: Detroit Red Wings | H59: Florida Panthers | I59: 4 | J59: 1
A60: 2025-10-15 | B60: Chicago Blackhawks | C60: 8 | D60: St. Louis Blues | E60: 3 | G60: Chicago Blackhawks | H60: St. Louis Blues | I60: 8 | J60: 3
A61: 2025-10-15 | B61: Calgary Flames | C61: 1 | D61: Utah Mammoth | E61: 3 | G61: Utah Mammoth | H61: Calgary Flames | I61: 3 | J61: 1
A62: 2025-10-16 | B62: Carolina Hurricanes | C62: 4 | D62: Anaheim Ducks | E62: 1 | G62: Carolina Hurricanes | H62: Anaheim Ducks | I62: 4 | J62: 1
A63: 2025-10-16 | B63: Colorado Avalanche | C63: 4 | D63: Columbus Blue Jackets | E63: 1 | G63: Colorado Avalanche | H63: Columbus Blue Jackets | I63: 4 | J63: 1
A64: 2025-10-16 | B64: Vancouver Canucks | C64: 5 | D64: Dallas Stars | E64: 3 | G64: Vancouver Canucks | H64: Dallas Stars | I64: 5 | J64: 3
A65: 2025-10-16 | B65: Pittsburgh Penguins | C65: 4 | D65: Los Angeles Kings | E65: 2 | G65: Pittsburgh Penguins | H65: Los Angeles Kings | I65: 4 | J65: 2
A66: 2025-10-16 | B66: Nashville Predators | C66: 2 | D66: Montreal Canadiens | E66: 3 | F66: OT | G66: Montreal Canadiens | H66: Nashville Predators | I66: 3 | J66: 2
A67: 2025-10-16 | B67: Florida Panthers | C67: 1 | D67: New Jersey Devils | E67: 3 | G67: New Jersey Devils | H67: Florida Panthers | I67: 3 | J67: 1
A68: 2025-10-16 | B68: Edmonton Oilers | C68: 2 | D68: New York Islanders | E68: 4 | G68: New York Islanders | H68: Edmonton Oilers | I68: 4 | J68: 2
A69: 2025-10-16 | B69: Seattle Kraken | C69: 3 | D69: Ottawa Senators | E69: 4 | F69: SO | G69: Ottawa Senators | H69: Seattle Kraken | I69: 4 | J69: 3
A70: 2025-10-16 | B70: Winnipeg Jets | C70: 5 | D70: Philadelphia Flyers | E70: 2 | G70: Winnipeg Jets | H70: Philadelphia Flyers | I70: 5 | J70: 2
A71: 2025-10-16 | B71: New York Rangers | C71: 1 | D71: Toronto Maple Leafs | E71: 2 | F71: OT | G71: Toronto Maple Leafs | H71: New York Rangers | I71: 2 | J71: 1
A72: 2025-10-16 | B72: Boston Bruins | C72: 5 | D72: Vegas Golden Knights | E72: 6 | G72: Vegas Golden Knights | H72: Boston Bruins | I72: 6 | J72: 5
A73: 2025-10-17 | B73: Vancouver Canucks | C73: 3 | D73: Chicago Blackhawks | E73: 2 | F73: SO | G73: Vancouver Canucks | H73: Chicago Blackhawks | I73: 3 | J73: 2
A74: 2025-10-17 | B74: Tampa Bay Lightning | C74: 1 | D74: Detroit Red Wings | E74: 2 | F74: OT | G74: Detroit Red Wings | H74: Tampa Bay Lightning | I74: 2 | J74: 1
A75: 2025-10-17 | B75: San Jose Sharks | C75: 3 | D75: Utah Mammoth | E75: 6 | G75: Utah Mammoth | H75: San Jose Sharks | I75: 6 | J75: 3
A76: 2025-10-17 | B76: Minnesota Wild | C76: 1 | D76: Washington Capitals | E76: 5 | G76: Washington Capitals | H76: Minnesota Wild | I76: 5 | J76: 1
A77: 2025-10-18 | B77: Florida Panthers | C77: 0 | D77: Buffalo Sabres | E77: 3 | G77: Buffalo Sabres | H77: Florida Panthers | I77: 3 | J77: 0
A78: 2025-10-18 | B78: Tampa Bay Lightning | C78: 2 | D78: Columbus Blue Jackets | E78: 3 | G78: Columbus Blue Jackets | H78: Tampa Bay Lightning | I78: 3 | J78: 2
A79: 2025-10-18 | B79: Boston Bruins | C79: 1 | D79: Colorado Avalanche | E79: 4 | G79: Colorado Avalanche | H79: Boston Bruins | I79: 4 | J79: 1
A80: 2025-10-18 | B80: Carolina Hurricanes | C80: 4 | D80: Los Angeles Kings | E80: 3 | F80: OT | G80: Carolina Hurricanes | H80: Los Angeles Kings | I80: 4 | J80: 3
A81: 2025-10-18 | B81: New York Rangers | C81: 4 | D81: Montreal Canadiens | E81: 3 | G81: New York Rangers | H81: Montreal Canadiens | I81: 4 | J81: 3
A82: 2025-10-18 | B82: Edmonton Oilers | C82: 3 | D82: New Jersey Devils | E82: 5 | G82: New Jersey Devils | H82: Edmonton Oilers | I82: 5 | J82: 3
A83: 2025-10-18 | B83: New York Islanders | C83: 5 | D83: Ottawa Senators | E83: 4 | G83: New York Islanders | H83: Ottawa Senators | I83: 5 | J83: 4
A84: 2025-10-18 | B84: Minnesota Wild | C84: 1 | D84: Philadelphia Flyers | E84: 2 | F84: OT | G84: Philadelphia Flyers | H84: Minnesota Wild | I84: 2 | J84: 1
A85: 2025-10-18 | B85: Pittsburgh Penguins | C85: 3 | D85: San Jose Sharks | E85: 0 | G85: Pittsburgh Penguins | H85: San Jose Sharks | I85: 3 | J85: 0
A86: 2025-10-18 | B86: Dallas Stars | C86: 1 | D86: St. Louis Blues | E86: 3 | G86: St. Louis Blues | H86: Dallas Stars | I86: 3 | J86: 1
A87: 2025-10-18 | B87: Seattle Kraken | C87: 4 | D87: Toronto Maple Leafs | E87: 3 | F87: OT | G87: Seattle Kraken | H87: Toronto Maple Leafs | I87: 4 | J87: 3
A88: 2025-10-18 | B88: Calgary Flames | C88: 1 | D88: Vegas Golden Knights | E88: 6 | G88: Vegas Golden Knights | H88: Calgary Flames | I88: 6 | J88: 1
A89: 2025-10-18 | B89: Nashville Predators | C89: 1 | D89: Winnipeg Jets | E89: 4 | G89: Winnipeg Jets | H89: Nashville Predators | I89: 4 | J89: 1
A90: 2025-10-19 | B90: Anaheim Ducks | C90: 1 | D90: Chicago Blackhawks | E90: 2 | F90: OT | G90: Chicago Blackhawks | H90: Anaheim Ducks | I90: 2 | J90: 1
A91: 2025-10-19 | B91: Edmonton Oilers | C91: 2 | D91: Detroit Red Wings | E91: 4 | G91: Detroit Red Wings | H91: Edmonton Oilers | I91: 4 | J91: 2
A92: 2025-10-19 | B92: Boston Bruins | C92: 2 | D92: Utah Mammoth | E92: 3 | G92: Utah Mammoth | H92: Boston Bruins | I92: 3 | J92: 2
A93: 2025-10-19 | B93: Vancouver Canucks | C93: 4 | D93: Washington Capitals | E93: 3 | G93: Vancouver Canucks | H93: Washington Capitals | I93: 4 | J93: 3
A94: 2025-10-20 | B94: Winnipeg Jets | C94: 2 | D94: Calgary Flames | E94: 1 | G94: Winnipeg Jets | H94: Calgary Flames | I94: 2 | J94: 1
A95: 2025-10-20 | B95: Buffalo Sabres | C95: 2 | D95: Montreal Canadiens | E95: 4 | G95: Montreal Canadiens | H95: Buffalo Sabres | I95: 4 | J95: 2
A96: 2025-10-20 | B96: Minnesota Wild | C96: 3 | D96: New York Rangers | E96: 1 | G96: Minnesota Wild | H96: New York Rangers | I96: 3 | J96: 1
A97: 2025-10-20 | B97: Seattle Kraken | C97: 2 | D97: Philadelphia Flyers | E97: 5 | G97: Philadelphia Flyers | H97: Seattle Kraken | I97: 5 | J97: 2
A98: 2025-10-20 | B98: Carolina Hurricanes | C98: 1 | D98: Vegas Golden Knights | E98: 4 | G98: Vegas Golden Knights | H98: Carolina Hurricanes | I98: 4 | J98: 1
A99: 2025-10-21 | B99: Florida Panthers | C99: 4 | D99: Boston Bruins | E99: 3 | G99: Florida Panthers | H99: Boston Bruins | I99: 4 | J99: 3
A100: 2025-10-21 | B100: Columbus Blue Jackets | C100: 5 | D100: Dallas Stars | E100: 1 | G100: Columbus Blue Jackets | H100: Dallas Stars | I100: 5 | J100: 1
...

Sheet NHL Model
A1: HomeEdge | B1: 0.12960699
J2: SSE
B3: 0 | J3: =SUM(Table3[Squared Difference]) -> 5481.6372
D5: Visitor | E5: G | F5: Home | G5: G_1 | H5: HomeMargin | I5: HomeForecast | J5: Squared Difference
A6: Teams | B6: Rating | D6: Chicago Blackhawks | E6: ='NHL2025-26Results'!C2 -> 2 | F6: Florida Panthers | G6: ='NHL2025-26Results'!E2 -> 3 | H6: =Table3[[#This Row],[G_1]]-Table3[[#This Row],[G]] -> 1 | I6: =HomeEdge+VLOOKUP(Table3[[#This Row],[Home]],$A$6:$B$38,2,FALSE)-VLOOKUP(Table3[[#This Row],[Visitor]],$A$6:$B$38,2,FALSE) -> 0.49923564 | J6: =(Table3[[#This Row],[HomeMargin]]-Table3[[#This Row],[HomeForecast]])^2 -> 0.25076495
A7: Anaheim Ducks | B7: -0.46360583 | D7: Colorado Avalanche | E7: ='NHL2025-26Results'!C3 -> 4 | F7: Los Angeles Kings | G7: ='NHL2025-26Results'!E3 -> 1 | H7: =Table3[[#This Row],[G_1]]-Table3[[#This Row],[G]] -> -3 | I7: =HomeEdge+VLOOKUP(Table3[[#This Row],[Home]],$A$6:$B$38,2,FALSE)-VLOOKUP(Table3[[#This Row],[Visitor]],$A$6:$B$38,2,FALSE) -> -1.4597567 | J7: =(Table3[[#This Row],[HomeMargin]]-Table3[[#This Row],[HomeForecast]])^2 -> 2.3723493
A8: Boston Bruins | B8: -0.10253061 | D8: Pittsburgh Penguins | E8: ='NHL2025-26Results'!C4 -> 3 | F8: New York Rangers | G8: ='NHL2025-26Results'!E4 -> 0 | H8: =Table3[[#This Row],[G_1]]-Table3[[#This Row],[G]] -> -3 | I8: =HomeEdge+VLOOKUP(Table3[[#This Row],[Home]],$A$6:$B$38,2,FALSE)-VLOOKUP(Table3[[#This Row],[Visitor]],$A$6:$B$38,2,FALSE) -> -0.60694852 | J8: =(Table3[[#This Row],[HomeMargin]]-Table3[[#This Row],[HomeForecast]])^2 -> 5.7266954
A9: Buffalo Sabres | B9: 0.0081543966 | D9: Calgary Flames | E9: ='NHL2025-26Results'!C5 -> 4 | F9: Edmonton Oilers | G9: ='NHL2025-26Results'!E5 -> 3 | H9: =Table3[[#This Row],[G_1]]-Table3[[#This Row],[G]] -> -1 | I9: =HomeEdge+VLOOKUP(Table3[[#This Row],[Home]],$A$6:$B$38,2,FALSE)-VLOOKUP(Table3[[#This Row],[Visitor]],$A$6:$B$38,2,FALSE) -> 0.65529325 | J9: =(Table3[[#This Row],[HomeMargin]]-Table3[[#This Row],[HomeForecast]])^2 -> 2.7399958
A10: Calgary Flames | B10: -0.89031222 | D10: Montreal Canadiens | E10: ='NHL2025-26Results'!C6 -> 2 | F10: Toronto Maple Leafs | G10: ='NHL2025-26Results'!E6 -> 5 | H10: =Table3[[#This Row],[G_1]]-Table3[[#This Row],[G]] -> 3 | I10: =HomeEdge+VLOOKUP(Table3[[#This Row],[Home]],$A$6:$B$38,2,FALSE)-VLOOKUP(Table3[[#This Row],[Visitor]],$A$6:$B$38,2,FALSE) -> -0.22639891 | J10: =(Table3[[#This Row],[HomeMargin]]-Table3[[#This Row],[HomeForecast]])^2 -> 10.40965
A11: Carolina Hurricanes | B11: 0.2324942 | D11: Los Angeles Kings | E11: ='NHL2025-26Results'!C7 -> 6 | F11: Vegas Golden Knights | G11: ='NHL2025-26Results'!E7 -> 5 | H11: =Table3[[#This Row],[G_1]]-Table3[[#This Row],[G]] -> -1 | I11: =HomeEdge+VLOOKUP(Table3[[#This Row],[Home]],$A$6:$B$38,2,FALSE)-VLOOKUP(Table3[[#This Row],[Visitor]],$A$6:$B$38,2,FALSE) -> 0.55733925 | J11: =(Table3[[#This Row],[HomeMargin]]-Table3[[#This Row],[HomeForecast]])^2 -> 2.4253055
A12: Chicago Blackhawks | B12: -0.92658078 | D12: Boston Bruins | E12: ='NHL2025-26Results'!C8 -> 3 | F12: Washington Capitals | G12: ='NHL2025-26Results'!E8 -> 1 | H12: =Table3[[#This Row],[G_1]]-Table3[[#This Row],[G]] -> -2 | I12: =HomeEdge+VLOOKUP(Table3[[#This Row],[Home]],$A$6:$B$38,2,FALSE)-VLOOKUP(Table3[[#This Row],[Visitor]],$A$6:$B$38,2,FALSE) -> 0.11236167 | J12: =(Table3[[#This Row],[HomeMargin]]-Table3[[#This Row],[HomeForecast]])^2 -> 4.4620718
A13: Colorado Avalanche | B13: 0.99866683 | D13: Chicago Blackhawks | E13: ='NHL2025-26Results'!C9 -> 3 | F13: Boston Bruins | G13: ='NHL2025-26Results'!E9 -> 4 | H13: =Table3[[#This Row],[G_1]]-Table3[[#This Row],[G]] -> 1 | I13: =HomeEdge+VLOOKUP(Table3[[#This Row],[Home]],$A$6:$B$38,2,FALSE)-VLOOKUP(Table3[[#This Row],[Visitor]],$A$6:$B$38,2,FALSE) -> 0.95365715 | J13: =(Table3[[#This Row],[HomeMargin]]-Table3[[#This Row],[HomeForecast]])^2 -> 0.0021476594
A14: Columbus Blue Jackets | B14: -0.2815648 | D14: New York Rangers | E14: ='NHL2025-26Results'!C10 -> 4 | F14: Buffalo Sabres | G14: ='NHL2025-26Results'!E10 -> 0 | H14: =Table3[[#This Row],[G_1]]-Table3[[#This Row],[G]] -> -4 | I14: =HomeEdge+VLOOKUP(Table3[[#This Row],[Home]],$A$6:$B$38,2,FALSE)-VLOOKUP(Table3[[#This Row],[Visitor]],$A$6:$B$38,2,FALSE) -> 0.87428054 | J14: =(Table3[[#This Row],[HomeMargin]]-Table3[[#This Row],[HomeForecast]])^2 -> 23.758611
A15: Dallas Stars | B15: 0.21708031 | D15: New Jersey Devils | E15: ='NHL2025-26Results'!C11 -> 3 | F15: Carolina Hurricanes | G15: ='NHL2025-26Results'!E11 -> 6 | H15: =Table3[[#This Row],[G_1]]-Table3[[#This Row],[G]] -> 3 | I15: =HomeEdge+VLOOKUP(Table3[[#This Row],[Home]],$A$6:$B$38,2,FALSE)-VLOOKUP(Table3[[#This Row],[Visitor]],$A$6:$B$38,2,FALSE) -> 1.1072092 | J15: =(Table3[[#This Row],[HomeMargin]]-Table3[[#This Row],[HomeForecast]])^2 -> 3.5826569
A16: Detroit Red Wings | B16: -0.33113779 | D16: Utah Mammoth | E16: ='NHL2025-26Results'!C12 -> 1 | F16: Colorado Avalanche | G16: ='NHL2025-26Results'!E12 -> 2 | H16: =Table3[[#This Row],[G_1]]-Table3[[#This Row],[G]] -> 1 | I16: =HomeEdge+VLOOKUP(Table3[[#This Row],[Home]],$A$6:$B$38,2,FALSE)-VLOOKUP(Table3[[#This Row],[Visitor]],$A$6:$B$38,2,FALSE) -> 1.0441791 | J16: =(Table3[[#This Row],[HomeMargin]]-Table3[[#This Row],[HomeForecast]])^2 -> 0.0019517923
A17: Edmonton Oilers | B17: -0.36462595 | D17: Montreal Canadiens | E17: ='NHL2025-26Results'!C13 -> 5 | F17: Detroit Red Wings | G17: ='NHL2025-26Results'!E13 -> 1 | H17: =Table3[[#This Row],[G_1]]-Table3[[#This Row],[G]] -> -4 | I17: =HomeEdge+VLOOKUP(Table3[[#This Row],[Home]],$A$6:$B$38,2,FALSE)-VLOOKUP(Table3[[#This Row],[Visitor]],$A$6:$B$38,2,FALSE) -> -0.11525612 | J17: =(Table3[[#This Row],[HomeMargin]]-Table3[[#This Row],[HomeForecast]])^2 -> 15.091235
A18: Florida Panthers | B18: -0.55695213 | D18: Philadelphia Flyers | E18: ='NHL2025-26Results'!C14 -> 1 | F18: Florida Panthers | G18: ='NHL2025-26Results'!E14 -> 2 | H18: =Table3[[#This Row],[G_1]]-Table3[[#This Row],[G]] -> 1 | I18: =HomeEdge+VLOOKUP(Table3[[#This Row],[Home]],$A$6:$B$38,2,FALSE)-VLOOKUP(Table3[[#This Row],[Visitor]],$A$6:$B$38,2,FALSE) -> 0.12363419 | J18: =(Table3[[#This Row],[HomeMargin]]-Table3[[#This Row],[HomeForecast]])^2 -> 0.76801703
... A38: Winnipeg Jets | B38: -0.58845147 | D38: New York Rangers | E38: ='NHL2025-26Results'!C34 -> 6 | F38: Pittsburgh Penguins | G38: ='NHL2025-26Results'!E34 -> 1 | H38: =Table3[[#This Row],[G_1]]-Table3[[#This Row],[G]] -> -5 | I38: =HomeEdge+VLOOKUP(Table3[[#This Row],[Home]],$A$6:$B$38,2,FALSE)-VLOOKUP(Table3[[#This Row],[Visitor]],$A$6:$B$38,2,FALSE) -> 0.86616249 | J38: =(Table3[[#This Row],[HomeMargin]]-Table3[[#This Row],[HomeForecast]])^2 -> 34.411862
D39: Vegas Golden Knights | E39: ='NHL2025-26Results'!C35 -> 1 | F39: Seattle Kraken | G39: ='NHL2025-26Results'!E35 -> 2 | H39: =Table3[[#This Row],[G_1]]-Table3[[#This Row],[G]] -> 1 | I39: =HomeEdge+VLOOKUP(Table3[[#This Row],[Home]],$A$6:$B$38,2,FALSE)-VLOOKUP(Table3[[#This Row],[Visitor]],$A$6:$B$38,2,FALSE) -> -0.18979553 | J39: =(Table3[[#This Row],[HomeMargin]]-Table3[[#This Row],[HomeForecast]])^2 -> 1.4156134
D40: Anaheim Ducks | E40: ='NHL2025-26Results'!C36 -> 7 | F40: San Jose Sharks | G40: ='NHL2025-26Results'!E36 -> 6 | H40: =Table3[[#This Row],[G_1]]-Table3[[#This Row],[G]] -> -1 | I40: =HomeEdge+VLOOKUP(Table3[[#This Row],[Home]],$A$6:$B$38,2,FALSE)-VLOOKUP(Table3[[#This Row],[Visitor]],$A$6:$B$38,2,FALSE) -> -0.059153008 | J40: =(Table3[[#This Row],[HomeMargin]]-Table3[[#This Row],[HomeForecast]])^2 -> 0.88519306
D41: New Jersey Devils | E41: ='NHL2025-26Results'!C37 -> 5 | F41: Tampa Bay Lightning | G41: ='NHL2025-26Results'!E37 -> 3 | H41: =Table3[[#This Row],[G_1]]-Table3[[#This Row],[G]] -> -2 | I41: =HomeEdge+VLOOKUP(Table3[[#This Row],[Home]],$A$6:$B$38,2,FALSE)-VLOOKUP(Table3[[#This Row],[Visitor]],$A$6:$B$38,2,FALSE) -> 1.5957969 | J41: =(Table3[[#This Row],[HomeMargin]]-Table3[[#This Row],[HomeForecast]])^2 -> 12.929755
D42: Los Angeles Kings | E42: ='NHL2025-26Results'!C38 -> 2 | F42: Winnipeg Jets | G42: ='NHL2025-26Results'!E38 -> 3 | H42: =Table3[[#This Row],[G_1]]-Table3[[#This Row],[G]] -> 1 | I42: =HomeEdge+VLOOKUP(Table3[[#This Row],[Home]],$A$6:$B$38,2,FALSE)-VLOOKUP(Table3[[#This Row],[Visitor]],$A$6:$B$38,2,FALSE) -> 0.13185241 | J42: =(Table3[[#This Row],[HomeMargin]]-Table3[[#This Row],[HomeForecast]])^2 -> 0.75368023
D43: Washington Capitals | E43: ='NHL2025-26Results'!C39 -> 1 | F43: New York Rangers | G43: ='NHL2025-26Results'!E39 -> 0 | H43: =Table3[[#This Row],[G_1]]-Table3[[#This Row],[G]] -> -1 | I43: =HomeEdge+VLOOKUP(Table3[[#This Row],[Home]],$A$6:$B$38,2,FALSE)-VLOOKUP(Table3[[#This Row],[Visitor]],$A$6:$B$38,2,FALSE) -> -0.48713624 | J43: =(Table3[[#This Row],[HomeMargin]]-Table3[[#This Row],[HomeForecast]])^2 -> 0.26302924
D44: Tampa Bay Lightning | E44: ='NHL2025-26Results'!C40 -> 4 | F44: Boston Bruins | G44: ='NHL2025-26Results'!E40 -> 3 | H44: =Table3[[#This Row],[G_1]]-Table3[[#This Row],[G]] -> -1 | I44: =HomeEdge+VLOOKUP(Table3[[#This Row],[Home]],$A$6:$B$38,2,FALSE)-VLOOKUP(Table3[[#This Row],[Visitor]],$A$6:$B$38,2,FALSE) -> -0.69400547 | J44: =(Table3[[#This Row],[HomeMargin]]-Table3[[#This Row],[HomeForecast]])^2 -> 0.09363265
D45: Colorado Avalanche | E45: ='NHL2025-26Results'!C41 -> 3 | F45: Buffalo Sabres | G45: ='NHL2025-26Results'!E41 -> 1 | H45: =Table3[[#This Row],[G_1]]-Table3[[#This Row],[G]] -> -2 | I45: =HomeEdge+VLOOKUP(Table3[[#This Row],[Home]],$A$6:$B$38,2,FALSE)-VLOOKUP(Table3[[#This Row],[Visitor]],$A$6:$B$38,2,FALSE) -> -0.86090545 | J45: =(Table3[[#This Row],[HomeMargin]]-Table3[[#This Row],[HomeForecast]])^2 -> 1.2975364
D46: New Jersey Devils | E46: ='NHL2025-26Results'!C42 -> 3 | F46: Columbus Blue Jackets | G46: ='NHL2025-26Results'!E42 -> 2 | H46: =Table3[[#This Row],[G_1]]-Table3[[#This Row],[G]] -> -1 | I46: =HomeEdge+VLOOKUP(Table3[[#This Row],[Home]],$A$6:$B$38,2,FALSE)-VLOOKUP(Table3[[#This Row],[Visitor]],$A$6:$B$38,2,FALSE) -> 0.59315022 | J46: =(Table3[[#This Row],[HomeMargin]]-Table3[[#This Row],[HomeForecast]])^2 -> 2.5381276
D47: Utah Mammoth | E47: ='NHL2025-26Results'!C43 -> 1 | F47: Chicago Blackhawks | G47: ='NHL2025-26Results'!E43 -> 3 | H47: =Table3[[#This Row],[G_1]]-Table3[[#This Row],[G]] -> 2 | I47: =HomeEdge+VLOOKUP(Table3[[#This Row],[Home]],$A$6:$B$38,2,FALSE)-VLOOKUP(Table3[[#This Row],[Visitor]],$A$6:$B$38,2,FALSE) -> -0.88106852 | J47: =(Table3[[#This Row],[HomeMargin]]-Table3[[#This Row],[HomeForecast]])^2 -> 8.3005558
D48: Los Angeles Kings | E48: ='NHL2025-26Results'!C44 -> 3 | F48: Minnesota Wild | G48: ='NHL2025-26Results'!E44 -> 4 | H48: =Table3[[#This Row],[G_1]]-Table3[[#This Row],[G]] -> 1 | I48: =HomeEdge+VLOOKUP(Table3[[#This Row],[Home]],$A$6:$B$38,2,FALSE)-VLOOKUP(Table3[[#This Row],[Visitor]],$A$6:$B$38,2,FALSE) -> 0.78078917 | J48: =(Table3[[#This Row],[HomeMargin]]-Table3[[#This Row],[HomeForecast]])^2 -> 0.048053389
D49: Winnipeg Jets | E49: ='NHL2025-26Results'!C45 -> 5 | F49: New York Islanders | G49: ='NHL2025-26Results'!E45 -> 2 | H49: =Table3[[#This Row],[G_1]]-Table3[[#This Row],[G]] -> -3 | I49: =HomeEdge+VLOOKUP(Table3[[#This Row],[Home]],$A$6:$B$38,2,FALSE)-VLOOKUP(Table3[[#This Row],[Visitor]],$A$6:$B$38,2,FALSE) -> 0.53175383 | J49: =(Table3[[#This Row],[HomeMargin]]-Table3[[#This Row],[HomeForecast]])^2 -> 12.473285
D50: Nashville Predators | E50: ='NHL2025-26Results'!C46 -> 4 | F50: Ottawa Senators | G50: ='NHL2025-26Results'!E46 -> 1 | H50: =Table3[[#This Row],[G_1]]-Table3[[#This Row],[G]] -> -3 | I50: =HomeEdge+VLOOKUP(Table3[[#This Row],[Home]],$A$6:$B$38,2,FALSE)-VLOOKUP(Table3[[#This Row],[Visitor]],$A$6:$B$38,2,FALSE) -> 0.76006431 | J50: =(Table3[[#This Row],[HomeMargin]]-Table3[[#This Row],[HomeForecast]])^2 -> 14.138084
... D921: Philadelphia Flyers | E921: ='NHL2025-26Results'!C917 -> 1 | F921: Washington Capitals | G921: ='NHL2025-26Results'!E917 -> 3 | H921: =Table3[[#This Row],[G_1]]-Table3[[#This Row],[G]] -> 2 | I921: =HomeEdge+VLOOKUP(Table3[[#This Row],[Home]],$A$6:$B$38,2,FALSE)-VLOOKUP(Table3[[#This Row],[Visitor]],$A$6:$B$38,2,FALSE) -> 0.56081039 | J921: =(Table3[[#This Row],[HomeMargin]]-Table3[[#This Row],[HomeForecast]])^2 -> 2.0712667
D922: Columbus Blue Jackets | F922: Boston Bruins
D923: Tampa Bay Lightning | F923: Carolina Hurricanes
D924: Minnesota Wild | F924: Colorado Avalanche
D925: Toronto Maple Leafs | F925: Florida Panthers
D926: Edmonton Oilers | F926: Los Angeles Kings
D927: New York Islanders | F927: Montreal Canadiens
D928: Chicago Blackhawks | F928: Nashville Predators
D929: Philadelphia Flyers | F929: New York Rangers
D930: Detroit Red Wings | F930: Ottawa Senators
D931: New Jersey Devils | F931: Pittsburgh Penguins
D932: Calgary Flames | F932: San Jose Sharks
D933: Seattle Kraken | F933: St. Louis Blues
... D1317: San Jose Sharks | F1317: Winnipeg Jets

Sheet NHL HomeIce Model
A1: HomeEdge | B1: =HomeEdge -> 0.12960699 | D1: Date | E1: Time | F1: Home | G1: Home Differential | H1: Visitor | I1: Away Differential | J1: HomeIce Differential | K1: Predicted Winner | L1: Strength of Win | M1: Adjusted Correct | N1: Error | O1: Locked HomeIce Differential | P1: Locked Strength of Win | Q1: Locked Prediction | R1: Locked Correct
D2: 45937 | E2: 0.70833333 | F2: Florida Panthers | G2: =VLOOKUP(Table4[[#This Row],[Home]],'NHL Model'!$A$6:$B$38,2,FALSE) -> -0.55695213 | H2: Chicago Blackhawks | I2: =VLOOKUP(Table4[[#This Row],[Visitor]],'NHL Model'!$A$6:$B$38,2,FALSE) -> -0.92658078 | J2: =($B$1+Table4[[#This Row],[Home Differential]])-Table4[[#This Row],[Away Differential]] -> 0.49923564 | K2: =IF(Table4[[#This Row],[HomeIce Differential]]>0,Table4[[#This Row],[Home]],Table4[[#This Row],[Visitor]]) -> Florida Panthers | L2: =MAX(0, MIN(1,IF(Table4[[#This Row],[HomeIce Differential]]>0,((MAX(_xlfn.XLOOKUP(Table4[[#This Row],[Home]],Table1[[#All],[Team]],Table1[[#All],[HomeWin%]]), 0.54))/(MAX(_xlfn.XLOOKUP(Table4[[#This Row],[Home]],Table1[[#All],[Team]],Table1[[#All],[HomeWin%]]), 0.54)+MAX(_xlfn.XLOOKUP(Table4[[#This Row],[Visitor]],Table1[[#All],[Team]],Table1[[#All],[AwayWin%]]), 0.46)))+(Table4[[#This Row],[HomeIce Differential]]*$T$10),((MAX(_xlfn.XLOOKUP(Table4[[#This Row],[Visitor]],Table1[[#All],[Team]],Table1[[#All],[AwayWin%]]), 0.46))/(MAX(_xlfn.XLOOKUP(Table4[[#This Row],[Visitor]],Table1[[#All],[Team]],Table1[[#All],[AwayWin%]]), 0.46)+MAX(_xlfn.XLOOKUP(Table4[[#This Row],[Home]],Table1[[#All],[Team]],Table1[[#All],[HomeWin%]]), 0.54)))+(ABS(Table4[[#This Row],[HomeIce Differential]])*$T$10)))) -> 0.5960611 | M2: =IF(OR((NHL2025_26Results[[#This Row],[Winning Team]]="")),"-",IF(Table4[[#This Row],[Predicted Winner]]=NHL2025_26Results[[#This Row],[Winning Team]],"YES","NO")) -> YES | N2: =IF(Table4[[#This Row],[Adjusted Correct]]="-", "",IF(Table4[[#This Row],[Adjusted Correct]]="YES",(Table4[[#This Row],[Strength of Win]]-1)^2,(Table4[[#This Row],[Strength of Win]]-0)^2)) -> 0.16316664 | O2: 0.020105267 | Q2: Florida Panthers | R2: YES | T2: Live Accuracy | V2: Locked Accuracy
A3: Row Labels | B3: Sum of Rating | D3: 45937 | E3: 0.9375 | F3: Los Angeles Kings | G3: =VLOOKUP(Table4[[#This Row],[Home]],'NHL Model'!$A$6:$B$38,2,FALSE) -> -0.5906969 | H3: Colorado Avalanche | I3: =VLOOKUP(Table4[[#This Row],[Visitor]],'NHL Model'!$A$6:$B$38,2,FALSE) -> 0.99866683 | J3: =($B$1+Table4[[#This Row],[Home Differential]])-Table4[[#This Row],[Away Differential]] -> -1.4597567 | K3: =IF(Table4[[#This Row],[HomeIce Differential]]>0,Table4[[#This Row],[Home]],Table4[[#This Row],[Visitor]]) -> Colorado Avalanche | L3: =MAX(0, MIN(1,IF(Table4[[#This Row],[HomeIce Differential]]>0,((MAX(_xlfn.XLOOKUP(Table4[[#This Row],[Home]],Table1[[#All],[Team]],Table1[[#All],[HomeWin%]]), 0.54))/(MAX(_xlfn.XLOOKUP(Table4[[#This Row],[Home]],Table1[[#All],[Team]],Table1[[#All],[HomeWin%]]), 0.54)+MAX(_xlfn.XLOOKUP(Table4[[#This Row],[Visitor]],Table1[[#All],[Team]],Table1[[#All],[AwayWin%]]), 0.46)))+(Table4[[#This Row],[HomeIce Differential]]*$T$10),((MAX(_xlfn.XLOOKUP(Table4[[#This Row],[Visitor]],Table1[[#All],[Team]],Table1[[#All],[AwayWin%]]), 0.46))/(MAX(_xlfn.XLOOKUP(Table4[[#This Row],[Visitor]],Table1[[#All],[Team]],Table1[[#All],[AwayWin%]]), 0.46)+MAX(_xlfn.XLOOKUP(Table4[[#This Row],[Home]],Table1[[#All],[Team]],Table1[[#All],[HomeWin%]]), 0.54)))+(ABS(Table4[[#This Row],[HomeIce Differential]])*$T$10)))) -> 0.69318698 | M3: =IF(OR((NHL2025_26Results[[#This Row],[Winning Team]]="")),"-",IF(Table4[[#This Row],[Predicted Winner]]=NHL2025_26Results[[#This Row],[Winning Team]],"YES","NO")) -> YES | N3: =IF(Table4[[#This Row],[Adjusted Correct]]="-", "",IF(Table4[[#This Row],[Adjusted Correct]]="YES",(Table4[[#This Row],[Strength of Win]]-1)^2,(Table4[[#This Row],[Strength of Win]]-0)^2)) -> 0.094134227 | O3: -0.074443027 | Q3: Colorado Avalanche | R3: YES | T3: =COUNTIF(Table4[Adjusted Correct],"YES") -> 551 | V3: =COUNTIF(Table4[Locked Correct],"YES") -> 515
A4: Anaheim Ducks | B4: 0.43613316 | D4: 45937 | E4: 0.83333333 | F4: New York Rangers | G4: =VLOOKUP(Table4[[#This Row],[Home]],'NHL Model'!$A$6:$B$38,2,FALSE) -> -0.73651915 | H4: Pittsburgh Penguins | I4: =VLOOKUP(Table4[[#This Row],[Visitor]],'NHL Model'!$A$6:$B$38,2,FALSE) -> 3.6349513e-05 | J4: =($B$1+Table4[[#This Row],[Home Differential]])-Table4[[#This Row],[Away Differential]] -> -0.60694852 | K4: =IF(Table4[[#This Row],[HomeIce Differential]]>0,Table4[[#This Row],[Home]],Table4[[#This Row],[Visitor]]) -> Pittsburgh Penguins | L4: =MAX(0, MIN(1,IF(Table4[[#This Row],[HomeIce Differential]]>0,((MAX(_xlfn.XLOOKUP(Table4[[#This Row],[Home]],Table1[[#All],[Team]],Table1[[#All],[HomeWin%]]), 0.54))/(MAX(_xlfn.XLOOKUP(Table4[[#This Row],[Home]],Table1[[#All],[Team]],Table1[[#All],[HomeWin%]]), 0.54)+MAX(_xlfn.XLOOKUP(Table4[[#This Row],[Visitor]],Table1[[#All],[Team]],Table1[[#All],[AwayWin%]]), 0.46)))+(Table4[[#This Row],[HomeIce Differential]]*$T$10),((MAX(_xlfn.XLOOKUP(Table4[[#This Row],[Visitor]],Table1[[#All],[Team]],Table1[[#All],[AwayWin%]]), 0.46))/(MAX(_xlfn.XLOOKUP(Table4[[#This Row],[Visitor]],Table1[[#All],[Team]],Table1[[#All],[AwayWin%]]), 0.46)+MAX(_xlfn.XLOOKUP(Table4[[#This Row],[Home]],Table1[[#All],[Team]],Table1[[#All],[HomeWin%]]), 0.54)))+(ABS(Table4[[#This Row],[HomeIce Differential]])*$T$10)))) -> 0.58229541 | M4: =IF(OR((NHL2025_26Results[[#This Row],[Winning Team]]="")),"-",IF(Table4[[#This Row],[Predicted Winner]]=NHL2025_26Results[[#This Row],[Winning Team]],"YES","NO")) -> YES | N4: =IF(Table4[[#This Row],[Adjusted Correct]]="-", "",IF(Table4[[#This Row],[Adjusted Correct]]="YES",(Table4[[#This Row],[Strength of Win]]-1)^2,(Table4[[#This Row],[Strength of Win]]-0)^2)) -> 0.17447712 | O4: -0.073597467 | Q4: Pittsburgh Penguins | R4: YES | T4: =COUNTIF(Table4[Adjusted Correct],"NO") -> 365 | V4: =COUNTIF(Table4[Locked Correct],"NO") -> 401
A5: Boston Bruins | B5: 0.20397886 | D5: 45938 | E5: 0.91666667 | F5: Edmonton Oilers | G5: =VLOOKUP(Table4[[#This Row],[Home]],'NHL Model'!$A$6:$B$38,2,FALSE) -> -0.36462595 | H5: Calgary Flames | I5: =VLOOKUP(Table4[[#This Row],[Visitor]],'NHL Model'!$A$6:$B$38,2,FALSE) -> -0.89031222 | J5: =($B$1+Table4[[#This Row],[Home Differential]])-Table4[[#This Row],[Away Differential]] -> 0.65529325 | K5: =IF(Table4[[#This Row],[HomeIce Differential]]>0,Table4[[#This Row],[Home]],Table4[[#This Row],[Visitor]]) -> Edmonton Oilers | L5: =MAX(0, MIN(1,IF(Table4[[#This Row],[HomeIce Differential]]>0,((MAX(_xlfn.XLOOKUP(Table4[[#This Row],[Home]],Table1[[#All],[Team]],Table1[[#All],[HomeWin%]]), 0.54))/(MAX(_xlfn.XLOOKUP(Table4[[#This Row],[Home]],Table1[[#All],[Team]],Table1[[#All],[HomeWin%]]), 0.54)+MAX(_xlfn.XLOOKUP(Table4[[#This Row],[Visitor]],Table1[[#All],[Team]],Table1[[#All],[AwayWin%]]), 0.46)))+(Table4[[#This Row],[HomeIce Differential]]*$T$10),((MAX(_xlfn.XLOOKUP(Table4[[#This Row],[Visitor]],Table1[[#All],[Team]],Table1[[#All],[AwayWin%]]), 0.46))/(MAX(_xlfn.XLOOKUP(Table4[[#This Row],[Visitor]],Table1[[#All],[Team]],Table1[[#All],[AwayWin%]]), 0.46)+MAX(_xlfn.XLOOKUP(Table4[[#This Row],[Home]],Table1[[#All],[Team]],Table1[[#All],[HomeWin%]]), 0.54)))+(ABS(Table4[[#This Row],[HomeIce Differential]])*$T$10)))) -> 0.61358541 | M5: =IF(OR((NHL2025_26Results[[#This Row],[Winning Team]]="")),"-",IF(Table4[[#This Row],[Predicted Winner]]=NHL2025_26Results[[#This Row],[Winning Team]],"YES","NO")) -> NO | N5: =IF(Table4[[#This Row],[Adjusted Correct]]="-", "",IF(Table4[[#This Row],[Adjusted Correct]]="YES",(Table4[[#This Row],[Strength of Win]]-1)^2,(Table4[[#This Row],[Strength of Win]]-0)^2)) -> 0.37648706 | O5: -0.0041674768 | Q5: Calgary Flames | R5: YES | T5: =SUM(T3:T4) -> 916 | V5: =SUM(V3:V4) -> 916
A6: Buffalo Sabres | B6: -0.44950551 | D6: 45938 | E6: 0.79166667 | F6: Toronto Maple Leafs | G6: =VLOOKUP(Table4[[#This Row],[Home]],'NHL Model'!$A$6:$B$38,2,FALSE) -> -0.44228057 | H6: Montreal Canadiens | I6: =VLOOKUP(Table4[[#This Row],[Visitor]],'NHL Model'!$A$6:$B$38,2,FALSE) -> -0.086274677 | J6: =($B$1+Table4[[#This Row],[Home Differential]])-Table4[[#This Row],[Away Differential]] -> -0.22639891 | K6: =IF(Table4[[#This Row],[HomeIce Differential]]>0,Table4[[#This Row],[Home]],Table4[[#This Row],[Visitor]]) -> Montreal Canadiens | L6: =MAX(0, MIN(1,IF(Table4[[#This Row],[HomeIce Differential]]>0,((MAX(_xlfn.XLOOKUP(Table4[[#This Row],[Home]],Table1[[#All],[Team]],Table1[[#All],[HomeWin%]]), 0.54))/(MAX(_xlfn.XLOOKUP(Table4[[#This Row],[Home]],Table1[[#All],[Team]],Table1[[#All],[HomeWin%]]), 0.54)+MAX(_xlfn.XLOOKUP(Table4[[#This Row],[Visitor]],Table1[[#All],[Team]],Table1[[#All],[AwayWin%]]), 0.46)))+(Table4[[#This Row],[HomeIce Differential]]*$T$10),((MAX(_xlfn.XLOOKUP(Table4[[#This Row],[Visitor]],Table1[[#All],[Team]],Table1[[#All],[AwayWin%]]), 0.46))/(MAX(_xlfn.XLOOKUP(Table4[[#This Row],[Visitor]],Table1[[#All],[Team]],Table1[[#All],[AwayWin%]]), 0.46)+MAX(_xlfn.XLOOKUP(Table4[[#This Row],[Home]],Table1[[#All],[Team]],Table1[[#All],[HomeWin%]]), 0.54)))+(ABS(Table4[[#This Row],[HomeIce Differential]])*$T$10)))) -> 0.53079276 | M6: =IF(OR((NHL2025_26Results[[#This Row],[Winning Team]]="")),"-",IF(Table4[[#This Row],[Predicted Winner]]=NHL2025_26Results[[#This Row],[Winning Team]],"YES","NO")) -> NO | N6: =IF(Table4[[#This Row],[Adjusted Correct]]="-", "",IF(Table4[[#This Row],[Adjusted Correct]]="YES",(Table4[[#This Row],[Strength of Win]]-1)^2,(Table4[[#This Row],[Strength of Win]]-0)^2)) -> 0.28174095 | O6: -0.0044363714 | Q6: Montreal Canadiens | R6: NO | T6: =T3/T5 -> 0.60152838 | V6: =V3/V5 -> 0.56222707
A7: Calgary Flames | B7: -0.57192592 | D7: 45938 | E7: 0.91666667 | F7: Vegas Golden Knights | G7: =VLOOKUP(Table4[[#This Row],[Home]],'NHL Model'!$A$6:$B$38,2,FALSE) -> -0.16296463 | H7: Los Angeles Kings | I7: =VLOOKUP(Table4[[#This Row],[Visitor]],'NHL Model'!$A$6:$B$38,2,FALSE) -> -0.5906969 | J7: =($B$1+Table4[[#This Row],[Home Differential]])-Table4[[#This Row],[Away Differential]] -> 0.55733925 | K7: =IF(Table4[[#This Row],[HomeIce Differential]]>0,Table4[[#This Row],[Home]],Table4[[#This Row],[Visitor]]) -> Vegas Golden Knights | L7: =MAX(0, MIN(1,IF(Table4[[#This Row],[HomeIce Differential]]>0,((MAX(_xlfn.XLOOKUP(Table4[[#This Row],[Home]],Table1[[#All],[Team]],Table1[[#All],[HomeWin%]]), 0.54))/(MAX(_xlfn.XLOOKUP(Table4[[#This Row],[Home]],Table1[[#All],[Team]],Table1[[#All],[HomeWin%]]), 0.54)+MAX(_xlfn.XLOOKUP(Table4[[#This Row],[Visitor]],Table1[[#All],[Team]],Table1[[#All],[AwayWin%]]), 0.46)))+(Table4[[#This Row],[HomeIce Differential]]*$T$10),((MAX(_xlfn.XLOOKUP(Table4[[#This Row],[Visitor]],Table1[[#All],[Team]],Table1[[#All],[AwayWin%]]), 0.46))/(MAX(_xlfn.XLOOKUP(Table4[[#This Row],[Visitor]],Table1[[#All],[Team]],Table1[[#All],[AwayWin%]]), 0.46)+MAX(_xlfn.XLOOKUP(Table4[[#This Row],[Home]],Table1[[#All],[Team]],Table1[[#All],[HomeWin%]]), 0.54)))+(ABS(Table4[[#This Row],[HomeIce Differential]])*$T$10)))) -> 0.58181655 | M7: =IF(OR((NHL2025_26Results[[#This Row],[Winning Team]]="")),"-",IF(Table4[[#This Row],[Predicted Winner]]=NHL2025_26Results[[#This Row],[Winning Team]],"YES","NO")) -> NO | N7: =IF(Table4[[#This Row],[Adjusted Correct]]="-", "",IF(Table4[[#This Row],[Adjusted Correct]]="YES",(Table4[[#This Row],[Strength of Win]]-1)^2,(Table4[[#This Row],[Strength of Win]]-0)^2)) -> 0.3385105 | O7: 0.030320066 | Q7: Vegas Golden Knights | R7: NO | T7: SSE
A8: Carolina Hurricanes | B8: 0.49088808 | D8: 45938 | E8: 0.8125 | F8: Washington Capitals | G8: =VLOOKUP(Table4[[#This Row],[Home]],'NHL Model'!$A$6:$B$38,2,FALSE) -> -0.11977593 | H8: Boston Bruins | I8: =VLOOKUP(Table4[[#This Row],[Visitor]],'NHL Model'!$A$6:$B$38,2,FALSE) -> -0.10253061 | J8: =($B$1+Table4[[#This Row],[Home Differential]])-Table4[[#This Row],[Away Differential]] -> 0.11236167 | K8: =IF(Table4[[#This Row],[HomeIce Differential]]>0,Table4[[#This Row],[Home]],Table4[[#This Row],[Visitor]]) -> Washington Capitals | L8: =MAX(0, MIN(1,IF(Table4[[#This Row],[HomeIce Differential]]>0,((MAX(_xlfn.XLOOKUP(Table4[[#This Row],[Home]],Table1[[#All],[Team]],Table1[[#All],[HomeWin%]]), 0.54))/(MAX(_xlfn.XLOOKUP(Table4[[#This Row],[Home]],Table1[[#All],[Team]],Table1[[#All],[HomeWin%]]), 0.54)+MAX(_xlfn.XLOOKUP(Table4[[#This Row],[Visitor]],Table1[[#All],[Team]],Table1[[#All],[AwayWin%]]), 0.46)))+(Table4[[#This Row],[HomeIce Differential]]*$T$10),((MAX(_xlfn.XLOOKUP(Table4[[#This Row],[Visitor]],Table1[[#All],[Team]],Table1[[#All],[AwayWin%]]), 0.46))/(MAX(_xlfn.XLOOKUP(Table4[[#This Row],[Visitor]],Table1[[#All],[Team]],Table1[[#All],[AwayWin%]]), 0.46)+MAX(_xlfn.XLOOKUP(Table4[[#This Row],[Home]],Table1[[#All],[Team]],Table1[[#All],[HomeWin%]]), 0.54)))+(ABS(Table4[[#This Row],[HomeIce Differential]])*$T$10)))) -> 0.57058405 | M8: =IF(OR((NHL2025_26Results[[#This Row],[Winning Team]]="")),"-",IF(Table4[[#This Row],[Predicted Winner]]=NHL2025_26Results[[#This Row],[Winning Team]],"YES","NO")) -> NO | N8: =IF(Table4[[#This Row],[Adjusted Correct]]="-", "",IF(Table4[[#This Row],[Adjusted Correct]]="YES",(Table4[[#This Row],[Strength of Win]]-1)^2,(Table4[[#This Row],[Strength of Win]]-0)^2)) -> 0.32556616 | O8: -0.0049858231 | Q8: Boston Bruins | R8: YES | T8: =SUM(Table4[Error]) -> 216.17062 | V8: =COUNTIF(Table4[Locked Correct],"") -> 396
A9: Chicago Blackhawks | B9: -0.26132138 | D9: 45939 | E9: 0.79166667 | F9: Boston Bruins | G9: =VLOOKUP(Table4[[#This Row],[Home]],'NHL Model'!$A$6:$B$38,2,FALSE) -> -0.10253061 | H9: Chicago Blackhawks | I9: =VLOOKUP(Table4[[#This Row],[Visitor]],'NHL Model'!$A$6:$B$38,2,FALSE) -> -0.92658078 | J9: =($B$1+Table4[[#This Row],[Home Differential]])-Table4[[#This Row],[Away Differential]] -> 0.95365715 | K9: =IF(Table4[[#This Row],[HomeIce Differential]]>0,Table4[[#This Row],[Home]],Table4[[#This Row],[Visitor]]) -> Boston Bruins | L9: =MAX(0, MIN(1,IF(Table4[[#This Row],[HomeIce Differential]]>0,((MAX(_xlfn.XLOOKUP(Table4[[#This Row],[Home]],Table1[[#All],[Team]],Table1[[#All],[HomeWin%]]), 0.54))/(MAX(_xlfn.XLOOKUP(Table4[[#This Row],[Home]],Table1[[#All],[Team]],Table1[[#All],[HomeWin%]]), 0.54)+MAX(_xlfn.XLOOKUP(Table4[[#This Row],[Visitor]],Table1[[#All],[Team]],Table1[[#All],[AwayWin%]]), 0.46)))+(Table4[[#This Row],[HomeIce Differential]]*$T$10),((MAX(_xlfn.XLOOKUP(Table4[[#This Row],[Visitor]],Table1[[#All],[Team]],Table1[[#All],[AwayWin%]]), 0.46))/(MAX(_xlfn.XLOOKUP(Table4[[#This Row],[Visitor]],Table1[[#All],[Team]],Table1[[#All],[AwayWin%]]), 0.46)+MAX(_xlfn.XLOOKUP(Table4[[#This Row],[Home]],Table1[[#All],[Team]],Table1[[#All],[HomeWin%]]), 0.54)))+(ABS(Table4[[#This Row],[HomeIce Differential]])*$T$10)))) -> 0.69880583 | M9: =IF(OR((NHL2025_26Results[[#This Row],[Winning Team]]="")),"-",IF(Table4[[#This Row],[Predicted Winner]]=NHL2025_26Results[[#This Row],[Winning Team]],"YES","NO")) -> YES | N9: =IF(Table4[[#This Row],[Adjusted Correct]]="-", "",IF(Table4[[#This Row],[Adjusted Correct]]="YES",(Table4[[#This Row],[Strength of Win]]-1)^2,(Table4[[#This Row],[Strength of Win]]-0)^2)) -> 0.090717931 | O9: 0.0060525585 | Q9: Boston Bruins | R9: YES | T9: Weight
A10: Colorado Avalanche | B10: 1.6856887 | D10: 45939 | E10: 0.79166667 | F10: Buffalo Sabres | G10: =VLOOKUP(Table4[[#This Row],[Home]],'NHL Model'!$A$6:$B$38,2,FALSE) -> 0.0081543966 | H10: New York Rangers | I10: =VLOOKUP(Table4[[#This Row],[Visitor]],'NHL Model'!$A$6:$B$38,2,FALSE) -> -0.73651915 | J10: =($B$1+Table4[[#This Row],[Home Differential]])-Table4[[#This Row],[Away Differential]] -> 0.87428054 | K10: =IF(Table4[[#This Row],[HomeIce Differential]]>0,Table4[[#This Row],[Home]],Table4[[#This Row],[Visitor]]) -> Buffalo Sabres | L10: =MAX(0, MIN(1,IF(Table4[[#This Row],[HomeIce Differential]]>0,((MAX(_xlfn.XLOOKUP(Table4[[#This Row],[Home]],Table1[[#All],[Team]],Table1[[#All],[HomeWin%]]), 0.54))/(MAX(_xlfn.XLOOKUP(Table4[[#This Row],[Home]],Table1[[#All],[Team]],Table1[[#All],[HomeWin%]]), 0.54)+MAX(_xlfn.XLOOKUP(Table4[[#This Row],[Visitor]],Table1[[#All],[Team]],Table1[[#All],[AwayWin%]]), 0.46)))+(Table4[[#This Row],[HomeIce Differential]]*$T$10),((MAX(_xlfn.XLOOKUP(Table4[[#This Row],[Visitor]],Table1[[#All],[Team]],Table1[[#All],[AwayWin%]]), 0.46))/(MAX(_xlfn.XLOOKUP(Table4[[#This Row],[Visitor]],Table1[[#All],[Team]],Table1[[#All],[AwayWin%]]), 0.46)+MAX(_xlfn.XLOOKUP(Table4[[#This Row],[Home]],Table1[[#All],[Team]],Table1[[#All],[HomeWin%]]), 0.54)))+(ABS(Table4[[#This Row],[HomeIce Differential]])*$T$10)))) -> 0.63150967 | M10: =IF(OR((NHL2025_26Results[[#This Row],[Winning Team]]="")),"-",IF(Table4[[#This Row],[Predicted Winner]]=NHL2025_26Results[[#This Row],[Winning Team]],"YES","NO")) -> NO | N10: =IF(Table4[[#This Row],[Adjusted Correct]]="-", "",IF(Table4[[#This Row],[Adjusted Correct]]="YES",(Table4[[#This Row],[Strength of Win]]-1)^2,(Table4[[#This Row],[Strength of Win]]-0)^2)) -> 0.39880447 | O10: 0.028937639 | Q10: Buffalo Sabres | R10: NO | T10: 0.11229387
A11: Columbus Blue Jackets | B11: -0.25187088 | D11: 45939 | E11: 0.8125 | F11: Carolina Hurricanes | G11: =VLOOKUP(Table4[[#This Row],[Home]],'NHL Model'!$A$6:$B$38,2,FALSE) -> 0.2324942 | H11: New Jersey Devils | I11: =VLOOKUP(Table4[[#This Row],[Visitor]],'NHL Model'!$A$6:$B$38,2,FALSE) -> -0.74510804 | J11: =($B$1+Table4[[#This Row],[Home Differential]])-Table4[[#This Row],[Away Differential]] -> 1.1072092 | K11: =IF(Table4[[#This Row],[HomeIce Differential]]>0,Table4[[#This Row],[Home]],Table4[[#This Row],[Visitor]]) -> Carolina Hurricanes | L11: =MAX(0, MIN(1,IF(Table4[[#This Row],[HomeIce Differential]]>0,((MAX(_xlfn.XLOOKUP(Table4[[#This Row],[Home]],Table1[[#All],[Team]],Table1[[#All],[HomeWin%]]), 0.54))/(MAX(_xlfn.XLOOKUP(Table4[[#This Row],[Home]],Table1[[#All],[Team]],Table1[[#All],[HomeWin%]]), 0.54)+MAX(_xlfn.XLOOKUP(Table4[[#This Row],[Visitor]],Table1[[#All],[Team]],Table1[[#All],[AwayWin%]]), 0.46)))+(Table4[[#This Row],[HomeIce Differential]]*$T$10),((MAX(_xlfn.XLOOKUP(Table4[[#This Row],[Visitor]],Table1[[#All],[Team]],Table1[[#All],[AwayWin%]]), 0.46))/(MAX(_xlfn.XLOOKUP(Table4[[#This Row],[Visitor]],Table1[[#All],[Team]],Table1[[#All],[AwayWin%]]), 0.46)+MAX(_xlfn.XLOOKUP(Table4[[#This Row],[Home]],Table1[[#All],[Team]],Table1[[#All],[HomeWin%]]), 0.54)))+(ABS(Table4[[#This Row],[HomeIce Differential]])*$T$10)))) -> 0.69967527 | M11: =IF(OR((NHL2025_26Results[[#This Row],[Winning Team]]="")),"-",IF(Table4[[#This Row],[Predicted Winner]]=NHL2025_26Results[[#This Row],[Winning Team]],"YES","NO")) -> YES | N11: =IF(Table4[[#This Row],[Adjusted Correct]]="-", "",IF(Table4[[#This Row],[Adjusted Correct]]="YES",(Table4[[#This Row],[Strength of Win]]-1)^2,(Table4[[#This Row],[Strength of Win]]-0)^2)) -> 0.090194943 | O11: -0.0064941247 | Q11: New Jersey Devils | R11: NO
A12: Dallas Stars | B12: 0.85025762 | D12: 45939 | E12: 0.875 | F12: Colorado Avalanche | G12: =VLOOKUP(Table4[[#This Row],[Home]],'NHL Model'!$A$6:$B$38,2,FALSE) -> 0.99866683 | H12: Utah Mammoth | I12: =VLOOKUP(Table4[[#This Row],[Visitor]],'NHL Model'!$A$6:$B$38,2,FALSE) -> 0.084094726 | J12: =($B$1+Table4[[#This Row],[Home Differential]])-Table4[[#This Row],[Away Differential]] -> 1.0441791 | K12: =IF(Table4[[#This Row],[HomeIce Differential]]>0,Table4[[#This Row],[Home]],Table4[[#This Row],[Visitor]]) -> Colorado Avalanche | L12: =MAX(0, MIN(1,IF(Table4[[#This Row],[HomeIce Differential]]>0,((MAX(_xlfn.XLOOKUP(Table4[[#This Row],[Home]],Table1[[#All],[Team]],Table1[[#All],[HomeWin%]]), 0.54))/(MAX(_xlfn.XLOOKUP(Table4[[#This Row],[Home]],Table1[[#All],[Team]],Table1[[#All],[HomeWin%]]), 0.54)+MAX(_xlfn.XLOOKUP(Table4[[#This Row],[Visitor]],Table1[[#All],[Team]],Table1[[#All],[AwayWin%]]), 0.46)))+(Table4[[#This Row],[HomeIce Differential]]*$T$10),((MAX(_xlfn.XLOOKUP(Table4[[#This Row],[Visitor]],Table1[[#All],[Team]],Table1[[#All],[AwayWin%]]), 0.46))/(MAX(_xlfn.XLOOKUP(Table4[[#This Row],[Visitor]],Table1[[#All],[Team]],Table1[[#All],[AwayWin%]]), 0.46)+MAX(_xlfn.XLOOKUP(Table4[[#This Row],[Home]],Table1[[#All],[Team]],Table1[[#All],[HomeWin%]]), 0.54)))+(ABS(Table4[[#This Row],[HomeIce Differential]])*$T$10)))) -> 0.73708962 | M12: =IF(OR((NHL2025_26Results[[#This Row],[Winning Team]]="")),"-",IF(Table4[[#This Row],[Predicted Winner]]=NHL2025_26Results[[#This Row],[Winning Team]],"YES","NO")) -> YES | N12: =IF(Table4[[#This Row],[Adjusted Correct]]="-", "",IF(Table4[[#This Row],[Adjusted Correct]]="YES",(Table4[[#This Row],[Strength of Win]]-1)^2,(Table4[[#This Row],[Strength of Win]]-0)^2)) -> 0.069121869 | O12: 0.028930898 | Q12: Colorado Avalanche | R12: YES
A13: Detroit Red Wings | B13: -0.3555354 | D13: 45939 | E13: 0.79166667 | F13: Detroit Red Wings | G13: =VLOOKUP(Table4[[#This Row],[Home]],'NHL Model'!$A$6:$B$38,2,FALSE) -> -0.33113779 | H13: Montreal Canadiens | I13: =VLOOKUP(Table4[[#This Row],[Visitor]],'NHL Model'!$A$6:$B$38,2,FALSE) -> -0.086274677 | J13: =($B$1+Table4[[#This Row],[Home Differential]])-Table4[[#This Row],[Away Differential]] -> -0.11525612 | K13: =IF(Table4[[#This Row],[HomeIce Differential]]>0,Table4[[#This Row],[Home]],Table4[[#This Row],[Visitor]]) -> Montreal Canadiens | L13: =MAX(0, MIN(1,IF(Table4[[#This Row],[HomeIce Differential]]>0,((MAX(_xlfn.XLOOKUP(Table4[[#This Row],[Home]],Table1[[#All],[Team]],Table1[[#All],[HomeWin%]]), 0.54))/(MAX(_xlfn.XLOOKUP(Table4[[#This Row],[Home]],Table1[[#All],[Team]],Table1[[#All],[HomeWin%]]), 0.54)+MAX(_xlfn.XLOOKUP(Table4[[#This Row],[Visitor]],Table1[[#All],[Team]],Table1[[#All],[AwayWin%]]), 0.46)))+(Table4[[#This Row],[HomeIce Differential]]*$T$10),((MAX(_xlfn.XLOOKUP(Table4[[#This Row],[Visitor]],Table1[[#All],[Team]],Table1[[#All],[AwayWin%]]), 0.46))/(MAX(_xlfn.XLOOKUP(Table4[[#This Row],[Visitor]],Table1[[#All],[Team]],Table1[[#All],[AwayWin%]]), 0.46)+MAX(_xlfn.XLOOKUP(Table4[[#This Row],[Home]],Table1[[#All],[Team]],Table1[[#All],[HomeWin%]]), 0.54)))+(ABS(Table4[[#This Row],[HomeIce Differential]])*$T$10)))) -> 0.49198447 | M13: =IF(OR((NHL2025_26Results[[#This Row],[Winning Team]]="")),"-",IF(Table4[[#This Row],[Predicted Winner]]=NHL2025_26Results[[#This Row],[Winning Team]],"YES","NO")) -> YES | N13: =IF(Table4[[#This Row],[Adjusted Correct]]="-", "",IF(Table4[[#This Row],[Adjusted Correct]]="YES",(Table4[[#This Row],[Strength of Win]]-1)^2,(Table4[[#This Row],[Strength of Win]]-0)^2)) -> 0.25807978 | O13: -0.0059607629 | Q13: Montreal Canadiens | R13: YES
A14: Edmonton Oilers | B14: -0.21956254 | D14: 45939 | E14: 0.79166667 | F14: Florida Panthers | G14: =VLOOKUP(Table4[[#This Row],[Home]],'NHL Model'!$A$6:$B$38,2,FALSE) -> -0.55695213 | H14: Philadelphia Flyers | I14: =VLOOKUP(Table4[[#This Row],[Visitor]],'NHL Model'!$A$6:$B$38,2,FALSE) -> -0.55097934 | J14: =($B$1+Table4[[#This Row],[Home Differential]])-Table4[[#This Row],[Away Differential]] -> 0.12363419 | K14: =IF(Table4[[#This Row],[HomeIce Differential]]>0,Table4[[#This Row],[Home]],Table4[[#This Row],[Visitor]]) -> Florida Panthers | L14: =MAX(0, MIN(1,IF(Table4[[#This Row],[HomeIce Differential]]>0,((MAX(_xlfn.XLOOKUP(Table4[[#This Row],[Home]],Table1[[#All],[Team]],Table1[[#All],[HomeWin%]]), 0.54))/(MAX(_xlfn.XLOOKUP(Table4[[#This Row],[Home]],Table1[[#All],[Team]],Table1[[#All],[HomeWin%]]), 0.54)+MAX(_xlfn.XLOOKUP(Table4[[#This Row],[Visitor]],Table1[[#All],[Team]],Table1[[#All],[AwayWin%]]), 0.46)))+(Table4[[#This Row],[HomeIce Differential]]*$T$10),((MAX(_xlfn.XLOOKUP(Table4[[#This Row],[Visitor]],Table1[[#All],[Team]],Table1[[#All],[AwayWin%]]), 0.46))/(MAX(_xlfn.XLOOKUP(Table4[[#This Row],[Visitor]],Table1[[#All],[Team]],Table1[[#All],[AwayWin%]]), 0.46)+MAX(_xlfn.XLOOKUP(Table4[[#This Row],[Home]],Table1[[#All],[Team]],Table1[[#All],[HomeWin%]]), 0.54)))+(ABS(Table4[[#This Row],[HomeIce Differential]])*$T$10)))) -> 0.55388336 | M14: =IF(OR((NHL2025_26Results[[#This Row],[Winning Team]]="")),"-",IF(Table4[[#This Row],[Predicted Winner]]=NHL2025_26Results[[#This Row],[Winning Team]],"YES","NO")) -> YES | N14: =IF(Table4[[#This Row],[Adjusted Correct]]="-", "",IF(Table4[[#This Row],[Adjusted Correct]]="YES",(Table4[[#This Row],[Strength of Win]]-1)^2,(Table4[[#This Row],[Strength of Win]]-0)^2)) -> 0.19902006 | O14: 0.0056848249 | Q14: Florida Panthers | R14: YES
A15: Florida Panthers | B15: -0.10058358 | D15: 45939 | E15: 0.83333333 | F15: Nashville Predators | G15: =VLOOKUP(Table4[[#This Row],[Home]],'NHL Model'!$A$6:$B$38,2,FALSE) -> -0.82056481 | H15: Columbus Blue Jackets | I15: =VLOOKUP(Table4[[#This Row],[Visitor]],'NHL Model'!$A$6:$B$38,2,FALSE) -> -0.2815648 | J15: =($B$1+Table4[[#This Row],[Home Differential]])-Table4[[#This Row],[Away Differential]] -> -0.40939303 | K15: =IF(Table4[[#This Row],[HomeIce Differential]]>0,Table4[[#This Row],[Home]],Table4[[#This Row],[Visitor]]) -> Columbus Blue Jackets | L15: =MAX(0, MIN(1,IF(Table4[[#This Row],[HomeIce Differential]]>0,((MAX(_xlfn.XLOOKUP(Table4[[#This Row],[Home]],Table1[[#All],[Team]],Table1[[#All],[HomeWin%]]), 0.54))/(MAX(_xlfn.XLOOKUP(Table4[[#This Row],[Home]],Table1[[#All],[Team]],Table1[[#All],[HomeWin%]]), 0.54)+MAX(_xlfn.XLOOKUP(Table4[[#This Row],[Visitor]],Table1[[#All],[Team]],Table1[[#All],[AwayWin%]]), 0.46)))+(Table4[[#This Row],[HomeIce Differential]]*$T$10),((MAX(_xlfn.XLOOKUP(Table4[[#This Row],[Visitor]],Table1[[#All],[Team]],Table1[[#All],[AwayWin%]]), 0.46))/(MAX(_xlfn.XLOOKUP(Table4[[#This Row],[Visitor]],Table1[[#All],[Team]],Table1[[#All],[AwayWin%]]), 0.46)+MAX(_xlfn.XLOOKUP(Table4[[#This Row],[Home]],Table1[[#All],[Team]],Table1[[#All],[HomeWin%]]), 0.54)))+(ABS(Table4[[#This Row],[HomeIce Differential]])*$T$10)))) -> 0.51798851 | M15: =IF(OR((NHL2025_26Results[[#This Row],[Winning Team]]="")),"-",IF(Table4[[#This Row],[Predicted Winner]]=NHL2025_26Results[[#This Row],[Winning Team]],"YES","NO")) -> NO | N15: =IF(Table4[[#This Row],[Adjusted Correct]]="-", "",IF(Table4[[#This Row],[Adjusted Correct]]="YES",(Table4[[#This Row],[Strength of Win]]-1)^2,(Table4[[#This Row],[Strength of Win]]-0)^2)) -> 0.2683121 | O15: -0.0066115256 | Q15: Columbus Blue Jackets | R15: NO
A16: Los Angeles Kings | B16: 0.15754466 | D16: 45939 | E16: 0.79166667 | F16: Pittsburgh Penguins | G16: =VLOOKUP(Table4[[#This Row],[Home]],'NHL Model'!$A$6:$B$38,2,FALSE) -> 3.6349513e-05 | H16: New York Islanders | I16: =VLOOKUP(Table4[[#This Row],[Visitor]],'NHL Model'!$A$6:$B$38,2,FALSE) -> -0.18630463 | J16: =($B$1+Table4[[#This Row],[Home Differential]])-Table4[[#This Row],[Away Differential]] -> 0.31594796 | K16: =IF(Table4[[#This Row],[HomeIce Differential]]>0,Table4[[#This Row],[Home]],Table4[[#This Row],[Visitor]]) -> Pittsburgh Penguins | L16: =MAX(0, MIN(1,IF(Table4[[#This Row],[HomeIce Differential]]>0,((MAX(_xlfn.XLOOKUP(Table4[[#This Row],[Home]],Table1[[#All],[Team]],Table1[[#All],[HomeWin%]]), 0.54))/(MAX(_xlfn.XLOOKUP(Table4[[#This Row],[Home]],Table1[[#All],[Team]],Table1[[#All],[HomeWin%]]), 0.54)+MAX(_xlfn.XLOOKUP(Table4[[#This Row],[Visitor]],Table1[[#All],[Team]],Table1[[#All],[AwayWin%]]), 0.46)))+(Table4[[#This Row],[HomeIce Differential]]*$T$10),((MAX(_xlfn.XLOOKUP(Table4[[#This Row],[Visitor]],Table1[[#All],[Team]],Table1[[#All],[AwayWin%]]), 0.46))/(MAX(_xlfn.XLOOKUP(Table4[[#This Row],[Visitor]],Table1[[#All],[Team]],Table1[[#All],[AwayWin%]]), 0.46)+MAX(_xlfn.XLOOKUP(Table4[[#This Row],[Home]],Table1[[#All],[Team]],Table1[[#All],[HomeWin%]]), 0.54)))+(ABS(Table4[[#This Row],[HomeIce Differential]])*$T$10)))) -> 0.53858461 | M16: =IF(OR((NHL2025_26Results[[#This Row],[Winning Team]]="")),"-",IF(Table4[[#This Row],[Predicted Winner]]=NHL2025_26Results[[#This Row],[Winning Team]],"YES","NO")) -> YES | N16: =IF(Table4[[#This Row],[Adjusted Correct]]="-", "",IF(Table4[[#This Row],[Adjusted Correct]]="YES",(Table4[[#This Row],[Strength of Win]]-1)^2,(Table4[[#This Row],[Strength of Win]]-0)^2)) -> 0.21290416 | O16: 0.029201412 | Q16: Pittsburgh Penguins | R16: YES
A17: Minnesota Wild | B17: 0.11674568 | D17: 45939 | E17: 0.91666667 | F17: Seattle Kraken | G17: =VLOOKUP(Table4[[#This Row],[Home]],'NHL Model'!$A$6:$B$38,2,FALSE) -> -0.48236715 | H17: Anaheim Ducks | I17: =VLOOKUP(Table4[[#This Row],[Visitor]],'NHL Model'!$A$6:$B$38,2,FALSE) -> -0.46360583 | J17: =($B$1+Table4[[#This Row],[Home Differential]])-Table4[[#This Row],[Away Differential]] -> 0.11084566 | K17: =IF(Table4[[#This Row],[HomeIce Differential]]>0,Table4[[#This Row],[Home]],Table4[[#This Row],[Visitor]]) -> Seattle Kraken | L17: =MAX(0, MIN(1,IF(Table4[[#This Row],[HomeIce Differential]]>0,((MAX(_xlfn.XLOOKUP(Table4[[#This Row],[Home]],Table1[[#All],[Team]],Table1[[#All],[HomeWin%]]), 0.54))/(MAX(_xlfn.XLOOKUP(Table4[[#This Row],[Home]],Table1[[#All],[Team]],Table1[[#All],[HomeWin%]]), 0.54)+MAX(_xlfn.XLOOKUP(Table4[[#This Row],[Visitor]],Table1[[#All],[Team]],Table1[[#All],[AwayWin%]]), 0.46)))+(Table4[[#This Row],[HomeIce Differential]]*$T$10),((MAX(_xlfn.XLOOKUP(Table4[[#This Row],[Visitor]],Table1[[#All],[Team]],Table1[[#All],[AwayWin%]]), 0.46))/(MAX(_xlfn.XLOOKUP(Table4[[#This Row],[Visitor]],Table1[[#All],[Team]],Table1[[#All],[AwayWin%]]), 0.46)+MAX(_xlfn.XLOOKUP(Table4[[#This Row],[Home]],Table1[[#All],[Team]],Table1[[#All],[HomeWin%]]), 0.54)))+(ABS(Table4[[#This Row],[HomeIce Differential]])*$T$10)))) -> 0.55244729 | M17: =IF(OR((NHL2025_26Results[[#This Row],[Winning Team]]="")),"-",IF(Table4[[#This Row],[Predicted Winner]]=NHL2025_26Results[[#This Row],[Winning Team]],"YES","NO")) -> YES | N17: =IF(Table4[[#This Row],[Adjusted Correct]]="-", "",IF(Table4[[#This Row],[Adjusted Correct]]="YES",(Table4[[#This Row],[Strength of Win]]-1)^2,(Table4[[#This Row],[Strength of Win]]-0)^2)) -> 0.20030343 | O17: -0.0060975677 | Q17: Anaheim Ducks | R17: NO
A18: Montreal Canadiens | B18: -0.31957555 | D18: 45939 | E18: 0.91666667 | F18: San Jose Sharks | G18: =VLOOKUP(Table4[[#This Row],[Home]],'NHL Model'!$A$6:$B$38,2,FALSE) -> -0.65236582 | H18: Vegas Golden Knights | I18: =VLOOKUP(Table4[[#This Row],[Visitor]],'NHL Model'!$A$6:$B$38,2,FALSE) -> -0.16296463 | J18: =($B$1+Table4[[#This Row],[Home Differential]])-Table4[[#This Row],[Away Differential]] -> -0.3597942 | K18: =IF(Table4[[#This Row],[HomeIce Differential]]>0,Table4[[#This Row],[Home]],Table4[[#This Row],[Visitor]]) -> Vegas Golden Knights | L18: =MAX(0, MIN(1,IF(Table4[[#This Row],[HomeIce Differential]]>0,((MAX(_xlfn.XLOOKUP(Table4[[#This Row],[Home]],Table1[[#All],[Team]],Table1[[#All],[HomeWin%]]), 0.54))/(MAX(_xlfn.XLOOKUP(Table4[[#This Row],[Home]],Table1[[#All],[Team]],Table1[[#All],[HomeWin%]]), 0.54)+MAX(_xlfn.XLOOKUP(Table4[[#This Row],[Visitor]],Table1[[#All],[Team]],Table1[[#All],[AwayWin%]]), 0.46)))+(Table4[[#This Row],[HomeIce Differential]]*$T$10),((MAX(_xlfn.XLOOKUP(Table4[[#This Row],[Visitor]],Table1[[#All],[Team]],Table1[[#All],[AwayWin%]]), 0.46))/(MAX(_xlfn.XLOOKUP(Table4[[#This Row],[Visitor]],Table1[[#All],[Team]],Table1[[#All],[AwayWin%]]), 0.46)+MAX(_xlfn.XLOOKUP(Table4[[#This Row],[Home]],Table1[[#All],[Team]],Table1[[#All],[HomeWin%]]), 0.54)))+(ABS(Table4[[#This Row],[HomeIce Differential]])*$T$10)))) -> 0.51241887 | M18: =IF(OR((NHL2025_26Results[[#This Row],[Winning Team]]="")),"-",IF(Table4[[#This Row],[Predicted Winner]]=NHL2025_26Results[[#This Row],[Winning Team]],"YES","NO")) -> YES | N18: =IF(Table4[[#This Row],[Adjusted Correct]]="-", "",IF(Table4[[#This Row],[Adjusted Correct]]="YES",(Table4[[#This Row],[Strength of Win]]-1)^2,(Table4[[#This Row],[Strength of Win]]-0)^2)) -> 0.23773536 | O18: -0.0056918684 | Q18: Vegas Golden Knights | R18: YES
A19: Nashville Predators | B19: -0.87778808 | D19: 45939 | E19: 0.83333333 | F19: St. Louis Blues | G19: =VLOOKUP(Table4[[#This Row],[Home]],'NHL Model'!$A$6:$B$38,2,FALSE) -> -1.3128573 | H19: Minnesota Wild | I19: =VLOOKUP(Table4[[#This Row],[Visitor]],'NHL Model'!$A$6:$B$38,2,FALSE) -> 0.060485284 | J19: =($B$1+Table4[[#This Row],[Home Differential]])-Table4[[#This Row],[Away Differential]] -> -1.2437356 | K19: =IF(Table4[[#This Row],[HomeIce Differential]]>0,Table4[[#This Row],[Home]],Table4[[#This Row],[Visitor]]) -> Minnesota Wild | L19: =MAX(0, MIN(1,IF(Table4[[#This Row],[HomeIce Differential]]>0,((MAX(_xlfn.XLOOKUP(Table4[[#This Row],[Home]],Table1[[#All],[Team]],Table1[[#All],[HomeWin%]]), 0.54))/(MAX(_xlfn.XLOOKUP(Table4[[#This Row],[Home]],Table1[[#All],[Team]],Table1[[#All],[HomeWin%]]), 0.54)+MAX(_xlfn.XLOOKUP(Table4[[#This Row],[Visitor]],Table1[[#All],[Team]],Table1[[#All],[AwayWin%]]), 0.46)))+(Table4[[#This Row],[HomeIce Differential]]*$T$10),((MAX(_xlfn.XLOOKUP(Table4[[#This Row],[Visitor]],Table1[[#All],[Team]],Table1[[#All],[AwayWin%]]), 0.46))/(MAX(_xlfn.XLOOKUP(Table4[[#This Row],[Visitor]],Table1[[#All],[Team]],Table1[[#All],[AwayWin%]]), 0.46)+MAX(_xlfn.XLOOKUP(Table4[[#This Row],[Home]],Table1[[#All],[Team]],Table1[[#All],[HomeWin%]]), 0.54)))+(ABS(Table4[[#This Row],[HomeIce Differential]])*$T$10)))) -> 0.66892913 | M19: =IF(OR((NHL2025_26Results[[#This Row],[Winning Team]]="")),"-",IF(Table4[[#This Row],[Predicted Winner]]=NHL2025_26Results[[#This Row],[Winning Team]],"YES","NO")) -> YES | N19: =IF(Table4[[#This Row],[Adjusted Correct]]="-", "",IF(Table4[[#This Row],[Adjusted Correct]]="YES",(Table4[[#This Row],[Strength of Win]]-1)^2,(Table4[[#This Row],[Strength of Win]]-0)^2)) -> 0.10960792 | O19: -0.0065095534 | Q19: Minnesota Wild | R19: YES
A20: New Jersey Devils | B20: -0.00030328718 | D20: 45939 | E20: 0.79166667 | F20: Tampa Bay Lightning | G20: =VLOOKUP(Table4[[#This Row],[Home]],'NHL Model'!$A$6:$B$38,2,FALSE) -> 0.72108185 | H20: Ottawa Senators | I20: =VLOOKUP(Table4[[#This Row],[Visitor]],'NHL Model'!$A$6:$B$38,2,FALSE) -> -0.19010748 | J20: =($B$1+Table4[[#This Row],[Home Differential]])-Table4[[#This Row],[Away Differential]] -> 1.0407963 | K20: =IF(Table4[[#This Row],[HomeIce Differential]]>0,Table4[[#This Row],[Home]],Table4[[#This Row],[Visitor]]) -> Tampa Bay Lightning | L20: =MAX(0, MIN(1,IF(Table4[[#This Row],[HomeIce Differential]]>0,((MAX(_xlfn.XLOOKUP(Table4[[#This Row],[Home]],Table1[[#All],[Team]],Table1[[#All],[HomeWin%]]), 0.54))/(MAX(_xlfn.XLOOKUP(Table4[[#This Row],[Home]],Table1[[#All],[Team]],Table1[[#All],[HomeWin%]]), 0.54)+MAX(_xlfn.XLOOKUP(Table4[[#This Row],[Visitor]],Table1[[#All],[Team]],Table1[[#All],[AwayWin%]]), 0.46)))+(Table4[[#This Row],[HomeIce Differential]]*$T$10),((MAX(_xlfn.XLOOKUP(Table4[[#This Row],[Visitor]],Table1[[#All],[Team]],Table1[[#All],[AwayWin%]]), 0.46))/(MAX(_xlfn.XLOOKUP(Table4[[#This Row],[Visitor]],Table1[[#All],[Team]],Table1[[#All],[AwayWin%]]), 0.46)+MAX(_xlfn.XLOOKUP(Table4[[#This Row],[Home]],Table1[[#All],[Team]],Table1[[#All],[HomeWin%]]), 0.54)))+(ABS(Table4[[#This Row],[HomeIce Differential]])*$T$10)))) -> 0.70118045 | M20: =IF(OR((NHL2025_26Results[[#This Row],[Winning Team]]="")),"-",IF(Table4[[#This Row],[Predicted Winner]]=NHL2025_26Results[[#This Row],[Winning Team]],"YES","NO")) -> NO | N20: =IF(Table4[[#This Row],[Adjusted Correct]]="-", "",IF(Table4[[#This Row],[Adjusted Correct]]="YES",(Table4[[#This Row],[Strength of Win]]-1)^2,(Table4[[#This Row],[Strength of Win]]-0)^2)) -> 0.49165402 | O20: -0.0060975919 | Q20: Ottawa Senators | R20: YES
A21: New York Islanders | B21: 0.29798772 | D21: 45939 | E21: 0.91666667 | F21: Vancouver Canucks | G21: =VLOOKUP(Table4[[#This Row],[Home]],'NHL Model'!$A$6:$B$38,2,FALSE) -> -1.3920033 | H21: Calgary Flames | I21: =VLOOKUP(Table4[[#This Row],[Visitor]],'NHL Model'!$A$6:$B$38,2,FALSE) -> -0.89031222 | J21: =($B$1+Table4[[#This Row],[Home Differential]])-Table4[[#This Row],[Away Differential]] -> -0.3720841 | K21: =IF(Table4[[#This Row],[HomeIce Differential]]>0,Table4[[#This Row],[Home]],Table4[[#This Row],[Visitor]]) -> Calgary Flames | L21: =MAX(0, MIN(1,IF(Table4[[#This Row],[HomeIce Differential]]>0,((MAX(_xlfn.XLOOKUP(Table4[[#This Row],[Home]],Table1[[#All],[Team]],Table1[[#All],[HomeWin%]]), 0.54))/(MAX(_xlfn.XLOOKUP(Table4[[#This Row],[Home]],Table1[[#All],[Team]],Table1[[#All],[HomeWin%]]), 0.54)+MAX(_xlfn.XLOOKUP(Table4[[#This Row],[Visitor]],Table1[[#All],[Team]],Table1[[#All],[AwayWin%]]), 0.46)))+(Table4[[#This Row],[HomeIce Differential]]*$T$10),((MAX(_xlfn.XLOOKUP(Table4[[#This Row],[Visitor]],Table1[[#All],[Team]],Table1[[#All],[AwayWin%]]), 0.46))/(MAX(_xlfn.XLOOKUP(Table4[[#This Row],[Visitor]],Table1[[#All],[Team]],Table1[[#All],[AwayWin%]]), 0.46)+MAX(_xlfn.XLOOKUP(Table4[[#This Row],[Home]],Table1[[#All],[Team]],Table1[[#All],[HomeWin%]]), 0.54)))+(ABS(Table4[[#This Row],[HomeIce Differential]])*$T$10)))) -> 0.50178276 | M21: =IF(OR((NHL2025_26Results[[#This Row],[Winning Team]]="")),"-",IF(Table4[[#This Row],[Predicted Winner]]=NHL2025_26Results[[#This Row],[Winning Team]],"YES","NO")) -> NO | N21: =IF(Table4[[#This Row],[Adjusted Correct]]="-", "",IF(Table4[[#This Row],[Adjusted Correct]]="YES",(Table4[[#This Row],[Strength of Win]]-1)^2,(Table4[[#This Row],[Strength of Win]]-0)^2)) -> 0.25178594 | O21: -0.0060976402 | Q21: Calgary Flames | R21: NO
A22: New York Rangers | B22: 0.1580802 | D22: 45939 | E22: 0.83333333 | F22: Winnipeg Jets | G22: =VLOOKUP(Table4[[#This Row],[Home]],'NHL Model'!$A$6:$B$38,2,FALSE) -> -0.58845147 | H22: Dallas Stars | I22: =VLOOKUP(Table4[[#This Row],[Visitor]],'NHL Model'!$A$6:$B$38,2,FALSE) -> 0.21708031 | J22: =($B$1+Table4[[#This Row],[Home Differential]])-Table4[[#This Row],[Away Differential]] -> -0.67592479 | K22: =IF(Table4[[#This Row],[HomeIce Differential]]>0,Table4[[#This Row],[Home]],Table4[[#This Row],[Visitor]]) -> Dallas Stars | L22: =MAX(0, MIN(1,IF(Table4[[#This Row],[HomeIce Differential]]>0,((MAX(_xlfn.XLOOKUP(Table4[[#This Row],[Home]],Table1[[#All],[Team]],Table1[[#All],[HomeWin%]]), 0.54))/(MAX(_xlfn.XLOOKUP(Table4[[#This Row],[Home]],Table1[[#All],[Team]],Table1[[#All],[HomeWin%]]), 0.54)+MAX(_xlfn.XLOOKUP(Table4[[#This Row],[Visitor]],Table1[[#All],[Team]],Table1[[#All],[AwayWin%]]), 0.46)))+(Table4[[#This Row],[HomeIce Differential]]*$T$10),((MAX(_xlfn.XLOOKUP(Table4[[#This Row],[Visitor]],Table1[[#All],[Team]],Table1[[#All],[AwayWin%]]), 0.46))/(MAX(_xlfn.XLOOKUP(Table4[[#This Row],[Visitor]],Table1[[#All],[Team]],Table1[[#All],[AwayWin%]]), 0.46)+MAX(_xlfn.XLOOKUP(Table4[[#This Row],[Home]],Table1[[#All],[Team]],Table1[[#All],[HomeWin%]]), 0.54)))+(ABS(Table4[[#This Row],[HomeIce Differential]])*$T$10)))) -> 0.59403692 | M22: =IF(OR((NHL2025_26Results[[#This Row],[Winning Team]]="")),"-",IF(Table4[[#This Row],[Predicted Winner]]=NHL2025_26Results[[#This Row],[Winning Team]],"YES","NO")) -> YES | N22: =IF(Table4[[#This Row],[Adjusted Correct]]="-", "",IF(Table4[[#This Row],[Adjusted Correct]]="YES",(Table4[[#This Row],[Strength of Win]]-1)^2,(Table4[[#This Row],[Strength of Win]]-0)^2)) -> 0.16480602 | O22: -0.0062374432 | Q22: Dallas Stars | R22: YES
... A36: Grand Total | B36: 0.36153635 | D36: 45941 | E36: 0.91666667 | F36: San Jose Sharks | G36: =VLOOKUP(Table4[[#This Row],[Home]],'NHL Model'!$A$6:$B$38,2,FALSE) -> -0.65236582 | H36: Anaheim Ducks | I36: =VLOOKUP(Table4[[#This Row],[Visitor]],'NHL Model'!$A$6:$B$38,2,FALSE) -> -0.46360583 | J36: =($B$1+Table4[[#This Row],[Home Differential]])-Table4[[#This Row],[Away Differential]] -> -0.059153008 | K36: =IF(Table4[[#This Row],[HomeIce Differential]]>0,Table4[[#This Row],[Home]],Table4[[#This Row],[Visitor]]) -> Anaheim Ducks | L36: =MAX(0, MIN(1,IF(Table4[[#This Row],[HomeIce Differential]]>0,((MAX(_xlfn.XLOOKUP(Table4[[#This Row],[Home]],Table1[[#All],[Team]],Table1[[#All],[HomeWin%]]), 0.54))/(MAX(_xlfn.XLOOKUP(Table4[[#This Row],[Home]],Table1[[#All],[Team]],Table1[[#All],[HomeWin%]]), 0.54)+MAX(_xlfn.XLOOKUP(Table4[[#This Row],[Visitor]],Table1[[#All],[Team]],Table1[[#All],[AwayWin%]]), 0.46)))+(Table4[[#This Row],[HomeIce Differential]]*$T$10),((MAX(_xlfn.XLOOKUP(Table4[[#This Row],[Visitor]],Table1[[#All],[Team]],Table1[[#All],[AwayWin%]]), 0.46))/(MAX(_xlfn.XLOOKUP(Table4[[#This Row],[Visitor]],Table1[[#All],[Team]],Table1[[#All],[AwayWin%]]), 0.46)+MAX(_xlfn.XLOOKUP(Table4[[#This Row],[Home]],Table1[[#All],[Team]],Table1[[#All],[HomeWin%]]), 0.54)))+(ABS(Table4[[#This Row],[HomeIce Differential]])*$T$10)))) -> 0.46664252 | M36: =IF(OR((NHL2025_26Results[[#This Row],[Winning Team]]="")),"-",IF(Table4[[#This Row],[Predicted Winner]]=NHL2025_26Results[[#This Row],[Winning Team]],"YES","NO")) -> YES | N36: =IF(Table4[[#This Row],[Adjusted Correct]]="-", "",IF(Table4[[#This Row],[Adjusted Correct]]="YES",(Table4[[#This Row],[Strength of Win]]-1)^2,(Table4[[#This Row],[Strength of Win]]-0)^2)) -> 0.2844702 | O36: -0.0087970492 | Q36: Anaheim Ducks | R36: YES
D37: 45941 | E37: 0.79166667 | F37: Tampa Bay Lightning | G37: =VLOOKUP(Table4[[#This Row],[Home]],'NHL Model'!$A$6:$B$38,2,FALSE) -> 0.72108185 | H37: New Jersey Devils | I37: =VLOOKUP(Table4[[#This Row],[Visitor]],'NHL Model'!$A$6:$B$38,2,FALSE) -> -0.74510804 | J37: =($B$1+Table4[[#This Row],[Home Differential]])-Table4[[#This Row],[Away Differential]] -> 1.5957969 | K37: =IF(Table4[[#This Row],[HomeIce Differential]]>0,Table4[[#This Row],[Home]],Table4[[#This Row],[Visitor]]) -> Tampa Bay Lightning | L37: =MAX(0, MIN(1,IF(Table4[[#This Row],[HomeIce Differential]]>0,((MAX(_xlfn.XLOOKUP(Table4[[#This Row],[Home]],Table1[[#All],[Team]],Table1[[#All],[HomeWin%]]), 0.54))/(MAX(_xlfn.XLOOKUP(Table4[[#This Row],[Home]],Table1[[#All],[Team]],Table1[[#All],[HomeWin%]]), 0.54)+MAX(_xlfn.XLOOKUP(Table4[[#This Row],[Visitor]],Table1[[#All],[Team]],Table1[[#All],[AwayWin%]]), 0.46)))+(Table4[[#This Row],[HomeIce Differential]]*$T$10),((MAX(_xlfn.XLOOKUP(Table4[[#This Row],[Visitor]],Table1[[#All],[Team]],Table1[[#All],[AwayWin%]]), 0.46))/(MAX(_xlfn.XLOOKUP(Table4[[#This Row],[Visitor]],Table1[[#All],[Team]],Table1[[#All],[AwayWin%]]), 0.46)+MAX(_xlfn.XLOOKUP(Table4[[#This Row],[Home]],Table1[[#All],[Team]],Table1[[#All],[HomeWin%]]), 0.54)))+(ABS(Table4[[#This Row],[HomeIce Differential]])*$T$10)))) -> 0.75495578 | M37: =IF(OR((NHL2025_26Results[[#This Row],[Winning Team]]="")),"-",IF(Table4[[#This Row],[Predicted Winner]]=NHL2025_26Results[[#This Row],[Winning Team]],"YES","NO")) -> NO | N37: =IF(Table4[[#This Row],[Adjusted Correct]]="-", "",IF(Table4[[#This Row],[Adjusted Correct]]="YES",(Table4[[#This Row],[Strength of Win]]-1)^2,(Table4[[#This Row],[Strength of Win]]-0)^2)) -> 0.56995822 | O37: -0.0094712703 | Q37: New Jersey Devils | R37: YES
A38: Row Labels | B38: Sum of HomeWin% | D38: 45941 | E38: 0.5625 | F38: Winnipeg Jets | G38: =VLOOKUP(Table4[[#This Row],[Home]],'NHL Model'!$A$6:$B$38,2,FALSE) -> -0.58845147 | H38: Los Angeles Kings | I38: =VLOOKUP(Table4[[#This Row],[Visitor]],'NHL Model'!$A$6:$B$38,2,FALSE) -> -0.5906969 | J38: =($B$1+Table4[[#This Row],[Home Differential]])-Table4[[#This Row],[Away Differential]] -> 0.13185241 | K38: =IF(Table4[[#This Row],[HomeIce Differential]]>0,Table4[[#This Row],[Home]],Table4[[#This Row],[Visitor]]) -> Winnipeg Jets | L38: =MAX(0, MIN(1,IF(Table4[[#This Row],[HomeIce Differential]]>0,((MAX(_xlfn.XLOOKUP(Table4[[#This Row],[Home]],Table1[[#All],[Team]],Table1[[#All],[HomeWin%]]), 0.54))/(MAX(_xlfn.XLOOKUP(Table4[[#This Row],[Home]],Table1[[#All],[Team]],Table1[[#All],[HomeWin%]]), 0.54)+MAX(_xlfn.XLOOKUP(Table4[[#This Row],[Visitor]],Table1[[#All],[Team]],Table1[[#All],[AwayWin%]]), 0.46)))+(Table4[[#This Row],[HomeIce Differential]]*$T$10),((MAX(_xlfn.XLOOKUP(Table4[[#This Row],[Visitor]],Table1[[#All],[Team]],Table1[[#All],[AwayWin%]]), 0.46))/(MAX(_xlfn.XLOOKUP(Table4[[#This Row],[Visitor]],Table1[[#All],[Team]],Table1[[#All],[AwayWin%]]), 0.46)+MAX(_xlfn.XLOOKUP(Table4[[#This Row],[Home]],Table1[[#All],[Team]],Table1[[#All],[HomeWin%]]), 0.54)))+(ABS(Table4[[#This Row],[HomeIce Differential]])*$T$10)))) -> 0.53403699 | M38: =IF(OR((NHL2025_26Results[[#This Row],[Winning Team]]="")),"-",IF(Table4[[#This Row],[Predicted Winner]]=NHL2025_26Results[[#This Row],[Winning Team]],"YES","NO")) -> YES | N38: =IF(Table4[[#This Row],[Adjusted Correct]]="-", "",IF(Table4[[#This Row],[Adjusted Correct]]="YES",(Table4[[#This Row],[Strength of Win]]-1)^2,(Table4[[#This Row],[Strength of Win]]-0)^2)) -> 0.21712153 | O38: 0.026396033 | Q38: Winnipeg Jets | R38: YES
A39: Anaheim Ducks | B39: 0.73333333 | D39: 45942 | E39: 0.79166667 | F39: New York Rangers | G39: =VLOOKUP(Table4[[#This Row],[Home]],'NHL Model'!$A$6:$B$38,2,FALSE) -> -0.73651915 | H39: Washington Capitals | I39: =VLOOKUP(Table4[[#This Row],[Visitor]],'NHL Model'!$A$6:$B$38,2,FALSE) -> -0.11977593 | J39: =($B$1+Table4[[#This Row],[Home Differential]])-Table4[[#This Row],[Away Differential]] -> -0.48713624 | K39: =IF(Table4[[#This Row],[HomeIce Differential]]>0,Table4[[#This Row],[Home]],Table4[[#This Row],[Visitor]]) -> Washington Capitals | L39: =MAX(0, MIN(1,IF(Table4[[#This Row],[HomeIce Differential]]>0,((MAX(_xlfn.XLOOKUP(Table4[[#This Row],[Home]],Table1[[#All],[Team]],Table1[[#All],[HomeWin%]]), 0.54))/(MAX(_xlfn.XLOOKUP(Table4[[#This Row],[Home]],Table1[[#All],[Team]],Table1[[#All],[HomeWin%]]), 0.54)+MAX(_xlfn.XLOOKUP(Table4[[#This Row],[Visitor]],Table1[[#All],[Team]],Table1[[#All],[AwayWin%]]), 0.46)))+(Table4[[#This Row],[HomeIce Differential]]*$T$10),((MAX(_xlfn.XLOOKUP(Table4[[#This Row],[Visitor]],Table1[[#All],[Team]],Table1[[#All],[AwayWin%]]), 0.46))/(MAX(_xlfn.XLOOKUP(Table4[[#This Row],[Visitor]],Table1[[#All],[Team]],Table1[[#All],[AwayWin%]]), 0.46)+MAX(_xlfn.XLOOKUP(Table4[[#This Row],[Home]],Table1[[#All],[Team]],Table1[[#All],[HomeWin%]]), 0.54)))+(ABS(Table4[[#This Row],[HomeIce Differential]])*$T$10)))) -> 0.51470241 | M39: =IF(OR((NHL2025_26Results[[#This Row],[Winning Team]]="")),"-",IF(Table4[[#This Row],[Predicted Winner]]=NHL2025_26Results[[#This Row],[Winning Team]],"YES","NO")) -> YES | N39: =IF(Table4[[#This Row],[Adjusted Correct]]="-", "",IF(Table4[[#This Row],[Adjusted Correct]]="YES",(Table4[[#This Row],[Strength of Win]]-1)^2,(Table4[[#This Row],[Strength of Win]]-0)^2)) -> 0.23551375 | O39: -0.88295584 | Q39: Washington Capitals | R39: YES
A40: Boston Bruins | B40: 0.6875 | D40: 45943 | E40: 0.54166667 | F40: Boston Bruins | G40: =VLOOKUP(Table4[[#This Row],[Home]],'NHL Model'!$A$6:$B$38,2,FALSE) -> -0.10253061 | H40: Tampa Bay Lightning | I40: =VLOOKUP(Table4[[#This Row],[Visitor]],'NHL Model'!$A$6:$B$38,2,FALSE) -> 0.72108185 | J40: =($B$1+Table4[[#This Row],[Home Differential]])-Table4[[#This Row],[Away Differential]] -> -0.69400547 | K40: =IF(Table4[[#This Row],[HomeIce Differential]]>0,Table4[[#This Row],[Home]],Table4[[#This Row],[Visitor]]) -> Tampa Bay Lightning | L40: =MAX(0, MIN(1,IF(Table4[[#This Row],[HomeIce Differential]]>0,((MAX(_xlfn.XLOOKUP(Table4[[#This Row],[Home]],Table1[[#All],[Team]],Table1[[#All],[HomeWin%]]), 0.54))/(MAX(_xlfn.XLOOKUP(Table4[[#This Row],[Home]],Table1[[#All],[Team]],Table1[[#All],[HomeWin%]]), 0.54)+MAX(_xlfn.XLOOKUP(Table4[[#This Row],[Visitor]],Table1[[#All],[Team]],Table1[[#All],[AwayWin%]]), 0.46)))+(Table4[[#This Row],[HomeIce Differential]]*$T$10),((MAX(_xlfn.XLOOKUP(Table4[[#This Row],[Visitor]],Table1[[#All],[Team]],Table1[[#All],[AwayWin%]]), 0.46))/(MAX(_xlfn.XLOOKUP(Table4[[#This Row],[Visitor]],Table1[[#All],[Team]],Table1[[#All],[AwayWin%]]), 0.46)+MAX(_xlfn.XLOOKUP(Table4[[#This Row],[Home]],Table1[[#All],[Team]],Table1[[#All],[HomeWin%]]), 0.54)))+(ABS(Table4[[#This Row],[HomeIce Differential]])*$T$10)))) -> 0.58235734 | M40: =IF(OR((NHL2025_26Results[[#This Row],[Winning Team]]="")),"-",IF(Table4[[#This Row],[Predicted Winner]]=NHL2025_26Results[[#This Row],[Winning Team]],"YES","NO")) -> YES | N40: =IF(Table4[[#This Row],[Adjusted Correct]]="-", "",IF(Table4[[#This Row],[Adjusted Correct]]="YES",(Table4[[#This Row],[Strength of Win]]-1)^2,(Table4[[#This Row],[Strength of Win]]-0)^2)) -> 0.17442539 | O40: -0.37995028 | Q40: Tampa Bay Lightning | R40: YES
A41: Buffalo Sabres | B41: 0.5625 | D41: 45943 | E41: 0.52083333 | F41: Buffalo Sabres | G41: =VLOOKUP(Table4[[#This Row],[Home]],'NHL Model'!$A$6:$B$38,2,FALSE) -> 0.0081543966 | H41: Colorado Avalanche | I41: =VLOOKUP(Table4[[#This Row],[Visitor]],'NHL Model'!$A$6:$B$38,2,FALSE) -> 0.99866683 | J41: =($B$1+Table4[[#This Row],[Home Differential]])-Table4[[#This Row],[Away Differential]] -> -0.86090545 | K41: =IF(Table4[[#This Row],[HomeIce Differential]]>0,Table4[[#This Row],[Home]],Table4[[#This Row],[Visitor]]) -> Colorado Avalanche | L41: =MAX(0, MIN(1,IF(Table4[[#This Row],[HomeIce Differential]]>0,((MAX(_xlfn.XLOOKUP(Table4[[#This Row],[Home]],Table1[[#All],[Team]],Table1[[#All],[HomeWin%]]), 0.54))/(MAX(_xlfn.XLOOKUP(Table4[[#This Row],[Home]],Table1[[#All],[Team]],Table1[[#All],[HomeWin%]]), 0.54)+MAX(_xlfn.XLOOKUP(Table4[[#This Row],[Visitor]],Table1[[#All],[Team]],Table1[[#All],[AwayWin%]]), 0.46)))+(Table4[[#This Row],[HomeIce Differential]]*$T$10),((MAX(_xlfn.XLOOKUP(Table4[[#This Row],[Visitor]],Table1[[#All],[Team]],Table1[[#All],[AwayWin%]]), 0.46))/(MAX(_xlfn.XLOOKUP(Table4[[#This Row],[Visitor]],Table1[[#All],[Team]],Table1[[#All],[AwayWin%]]), 0.46)+MAX(_xlfn.XLOOKUP(Table4[[#This Row],[Home]],Table1[[#All],[Team]],Table1[[#All],[HomeWin%]]), 0.54)))+(ABS(Table4[[#This Row],[HomeIce Differential]])*$T$10)))) -> 0.5966744 | M41: =IF(OR((NHL2025_26Results[[#This Row],[Winning Team]]="")),"-",IF(Table4[[#This Row],[Predicted Winner]]=NHL2025_26Results[[#This Row],[Winning Team]],"YES","NO")) -> YES | N41: =IF(Table4[[#This Row],[Adjusted Correct]]="-", "",IF(Table4[[#This Row],[Adjusted Correct]]="YES",(Table4[[#This Row],[Strength of Win]]-1)^2,(Table4[[#This Row],[Strength of Win]]-0)^2)) -> 0.16267154 | O41: -0.57517208 | Q41: Colorado Avalanche | R41: YES
A42: Calgary Flames | B42: 0.53846154 | D42: 45943 | E42: 0.79166667 | F42: Columbus Blue Jackets | G42: =VLOOKUP(Table4[[#This Row],[Home]],'NHL Model'!$A$6:$B$38,2,FALSE) -> -0.2815648 | H42: New Jersey Devils | I42: =VLOOKUP(Table4[[#This Row],[Visitor]],'NHL Model'!$A$6:$B$38,2,FALSE) -> -0.74510804 | J42: =($B$1+Table4[[#This Row],[Home Differential]])-Table4[[#This Row],[Away Differential]] -> 0.59315022 | K42: =IF(Table4[[#This Row],[HomeIce Differential]]>0,Table4[[#This Row],[Home]],Table4[[#This Row],[Visitor]]) -> Columbus Blue Jackets | L42: =MAX(0, MIN(1,IF(Table4[[#This Row],[HomeIce Differential]]>0,((MAX(_xlfn.XLOOKUP(Table4[[#This Row],[Home]],Table1[[#All],[Team]],Table1[[#All],[HomeWin%]]), 0.54))/(MAX(_xlfn.XLOOKUP(Table4[[#This Row],[Home]],Table1[[#All],[Team]],Table1[[#All],[HomeWin%]]), 0.54)+MAX(_xlfn.XLOOKUP(Table4[[#This Row],[Visitor]],Table1[[#All],[Team]],Table1[[#All],[AwayWin%]]), 0.46)))+(Table4[[#This Row],[HomeIce Differential]]*$T$10),((MAX(_xlfn.XLOOKUP(Table4[[#This Row],[Visitor]],Table1[[#All],[Team]],Table1[[#All],[AwayWin%]]), 0.46))/(MAX(_xlfn.XLOOKUP(Table4[[#This Row],[Visitor]],Table1[[#All],[Team]],Table1[[#All],[AwayWin%]]), 0.46)+MAX(_xlfn.XLOOKUP(Table4[[#This Row],[Home]],Table1[[#All],[Team]],Table1[[#All],[HomeWin%]]), 0.54)))+(ABS(Table4[[#This Row],[HomeIce Differential]])*$T$10)))) -> 0.59292292 | M42: =IF(OR((NHL2025_26Results[[#This Row],[Winning Team]]="")),"-",IF(Table4[[#This Row],[Predicted Winner]]=NHL2025_26Results[[#This Row],[Winning Team]],"YES","NO")) -> NO | N42: =IF(Table4[[#This Row],[Adjusted Correct]]="-", "",IF(Table4[[#This Row],[Adjusted Correct]]="YES",(Table4[[#This Row],[Strength of Win]]-1)^2,(Table4[[#This Row],[Strength of Win]]-0)^2)) -> 0.35155759 | O42: -0.4376326 | Q42: New Jersey Devils | R42: YES
A43: Carolina Hurricanes | B43: 0.6 | D43: 45943 | E43: 0.85416667 | F43: Chicago Blackhawks | G43: =VLOOKUP(Table4[[#This Row],[Home]],'NHL Model'!$A$6:$B$38,2,FALSE) -> -0.92658078 | H43: Utah Mammoth | I43: =VLOOKUP(Table4[[#This Row],[Visitor]],'NHL Model'!$A$6:$B$38,2,FALSE) -> 0.084094726 | J43: =($B$1+Table4[[#This Row],[Home Differential]])-Table4[[#This Row],[Away Differential]] -> -0.88106852 | K43: =IF(Table4[[#This Row],[HomeIce Differential]]>0,Table4[[#This Row],[Home]],Table4[[#This Row],[Visitor]]) -> Utah Mammoth | L43: =MAX(0, MIN(1,IF(Table4[[#This Row],[HomeIce Differential]]>0,((MAX(_xlfn.XLOOKUP(Table4[[#This Row],[Home]],Table1[[#All],[Team]],Table1[[#All],[HomeWin%]]), 0.54))/(MAX(_xlfn.XLOOKUP(Table4[[#This Row],[Home]],Table1[[#All],[Team]],Table1[[#All],[HomeWin%]]), 0.54)+MAX(_xlfn.XLOOKUP(Table4[[#This Row],[Visitor]],Table1[[#All],[Team]],Table1[[#All],[AwayWin%]]), 0.46)))+(Table4[[#This Row],[HomeIce Differential]]*$T$10),((MAX(_xlfn.XLOOKUP(Table4[[#This Row],[Visitor]],Table1[[#All],[Team]],Table1[[#All],[AwayWin%]]), 0.46))/(MAX(_xlfn.XLOOKUP(Table4[[#This Row],[Visitor]],Table1[[#All],[Team]],Table1[[#All],[AwayWin%]]), 0.46)+MAX(_xlfn.XLOOKUP(Table4[[#This Row],[Home]],Table1[[#All],[Team]],Table1[[#All],[HomeWin%]]), 0.54)))+(ABS(Table4[[#This Row],[HomeIce Differential]])*$T$10)))) -> 0.55893859 | M43: =IF(OR((NHL2025_26Results[[#This Row],[Winning Team]]="")),"-",IF(Table4[[#This Row],[Predicted Winner]]=NHL2025_26Results[[#This Row],[Winning Team]],"YES","NO")) -> NO | N43: =IF(Table4[[#This Row],[Adjusted Correct]]="-", "",IF(Table4[[#This Row],[Adjusted Correct]]="YES",(Table4[[#This Row],[Strength of Win]]-1)^2,(Table4[[#This Row],[Strength of Win]]-0)^2)) -> 0.31241235 | O43: -0.50738766 | Q43: Mammoth | R43: NO
A44: Chicago Blackhawks | B44: 0.42857143 | D44: 45943 | E44: 0.83333333 | F44: Minnesota Wild | G44: =VLOOKUP(Table4[[#This Row],[Home]],'NHL Model'!$A$6:$B$38,2,FALSE) -> 0.060485284 | H44: Los Angeles Kings | I44: =VLOOKUP(Table4[[#This Row],[Visitor]],'NHL Model'!$A$6:$B$38,2,FALSE) -> -0.5906969 | J44: =($B$1+Table4[[#This Row],[Home Differential]])-Table4[[#This Row],[Away Differential]] -> 0.78078917 | K44: =IF(Table4[[#This Row],[HomeIce Differential]]>0,Table4[[#This Row],[Home]],Table4[[#This Row],[Visitor]]) -> Minnesota Wild | L44: =MAX(0, MIN(1,IF(Table4[[#This Row],[HomeIce Differential]]>0,((MAX(_xlfn.XLOOKUP(Table4[[#This Row],[Home]],Table1[[#All],[Team]],Table1[[#All],[HomeWin%]]), 0.54))/(MAX(_xlfn.XLOOKUP(Table4[[#This Row],[Home]],Table1[[#All],[Team]],Table1[[#All],[HomeWin%]]), 0.54)+MAX(_xlfn.XLOOKUP(Table4[[#This Row],[Visitor]],Table1[[#All],[Team]],Table1[[#All],[AwayWin%]]), 0.46)))+(Table4[[#This Row],[HomeIce Differential]]*$T$10),((MAX(_xlfn.XLOOKUP(Table4[[#This Row],[Visitor]],Table1[[#All],[Team]],Table1[[#All],[AwayWin%]]), 0.46))/(MAX(_xlfn.XLOOKUP(Table4[[#This Row],[Visitor]],Table1[[#All],[Team]],Table1[[#All],[AwayWin%]]), 0.46)+MAX(_xlfn.XLOOKUP(Table4[[#This Row],[Home]],Table1[[#All],[Team]],Table1[[#All],[HomeWin%]]), 0.54)))+(ABS(Table4[[#This Row],[HomeIce Differential]])*$T$10)))) -> 0.61892783 | M44: =IF(OR((NHL2025_26Results[[#This Row],[Winning Team]]="")),"-",IF(Table4[[#This Row],[Predicted Winner]]=NHL2025_26Results[[#This Row],[Winning Team]],"YES","NO")) -> YES | N44: =IF(Table4[[#This Row],[Adjusted Correct]]="-", "",IF(Table4[[#This Row],[Adjusted Correct]]="YES",(Table4[[#This Row],[Strength of Win]]-1)^2,(Table4[[#This Row],[Strength of Win]]-0)^2)) -> 0.145216 | O44: -0.41264949 | Q44: Los Angeles Kings | R44: NO
A45: Colorado Avalanche | B45: 0.84615385 | D45: 45943 | E45: 0.54166667 | F45: New York Islanders | G45: =VLOOKUP(Table4[[#This Row],[Home]],'NHL Model'!$A$6:$B$38,2,FALSE) -> -0.18630463 | H45: Winnipeg Jets | I45: =VLOOKUP(Table4[[#This Row],[Visitor]],'NHL Model'!$A$6:$B$38,2,FALSE) -> -0.58845147 | J45: =($B$1+Table4[[#This Row],[Home Differential]])-Table4[[#This Row],[Away Differential]] -> 0.53175383 | K45: =IF(Table4[[#This Row],[HomeIce Differential]]>0,Table4[[#This Row],[Home]],Table4[[#This Row],[Visitor]]) -> New York Islanders | L45: =MAX(0, MIN(1,IF(Table4[[#This Row],[HomeIce Differential]]>0,((MAX(_xlfn.XLOOKUP(Table4[[#This Row],[Home]],Table1[[#All],[Team]],Table1[[#All],[HomeWin%]]), 0.54))/(MAX(_xlfn.XLOOKUP(Table4[[#This Row],[Home]],Table1[[#All],[Team]],Table1[[#All],[HomeWin%]]), 0.54)+MAX(_xlfn.XLOOKUP(Table4[[#This Row],[Visitor]],Table1[[#All],[Team]],Table1[[#All],[AwayWin%]]), 0.46)))+(Table4[[#This Row],[HomeIce Differential]]*$T$10),((MAX(_xlfn.XLOOKUP(Table4[[#This Row],[Visitor]],Table1[[#All],[Team]],Table1[[#All],[AwayWin%]]), 0.46))/(MAX(_xlfn.XLOOKUP(Table4[[#This Row],[Visitor]],Table1[[#All],[Team]],Table1[[#All],[AwayWin%]]), 0.46)+MAX(_xlfn.XLOOKUP(Table4[[#This Row],[Home]],Table1[[#All],[Team]],Table1[[#All],[HomeWin%]]), 0.54)))+(ABS(Table4[[#This Row],[HomeIce Differential]])*$T$10)))) -> 0.61372931 | M45: =IF(OR((NHL2025_26Results[[#This Row],[Winning Team]]="")),"-",IF(Table4[[#This Row],[Predicted Winner]]=NHL2025_26Results[[#This Row],[Winning Team]],"YES","NO")) -> NO | N45: =IF(Table4[[#This Row],[Adjusted Correct]]="-", "",IF(Table4[[#This Row],[Adjusted Correct]]="YES",(Table4[[#This Row],[Strength of Win]]-1)^2,(Table4[[#This Row],[Strength of Win]]-0)^2)) -> 0.37666367 | O45: -0.50491655 | Q45: Winnipeg Jets | R45: YES
A46: Columbus Blue Jackets | B46: 0.5 | D46: 45943 | E46: 0.54166667 | F46: Ottawa Senators | G46: =VLOOKUP(Table4[[#This Row],[Home]],'NHL Model'!$A$6:$B$38,2,FALSE) -> -0.19010748 | H46: Nashville Predators | I46: =VLOOKUP(Table4[[#This Row],[Visitor]],'NHL Model'!$A$6:$B$38,2,FALSE) -> -0.82056481 | J46: =($B$1+Table4[[#This Row],[Home Differential]])-Table4[[#This Row],[Away Differential]] -> 0.76006431 | K46: =IF(Table4[[#This Row],[HomeIce Differential]]>0,Table4[[#This Row],[Home]],Table4[[#This Row],[Visitor]]) -> Ottawa Senators | L46: =MAX(0, MIN(1,IF(Table4[[#This Row],[HomeIce Differential]]>0,((MAX(_xlfn.XLOOKUP(Table4[[#This Row],[Home]],Table1[[#All],[Team]],Table1[[#All],[HomeWin%]]), 0.54))/(MAX(_xlfn.XLOOKUP(Table4[[#This Row],[Home]],Table1[[#All],[Team]],Table1[[#All],[HomeWin%]]), 0.54)+MAX(_xlfn.XLOOKUP(Table4[[#This Row],[Visitor]],Table1[[#All],[Team]],Table1[[#All],[AwayWin%]]), 0.46)))+(Table4[[#This Row],[HomeIce Differential]]*$T$10),((MAX(_xlfn.XLOOKUP(Table4[[#This Row],[Visitor]],Table1[[#All],[Team]],Table1[[#All],[AwayWin%]]), 0.46))/(MAX(_xlfn.XLOOKUP(Table4[[#This Row],[Visitor]],Table1[[#All],[Team]],Table1[[#All],[AwayWin%]]), 0.46)+MAX(_xlfn.XLOOKUP(Table4[[#This Row],[Home]],Table1[[#All],[Team]],Table1[[#All],[HomeWin%]]), 0.54)))+(ABS(Table4[[#This Row],[HomeIce Differential]])*$T$10)))) -> 0.62535056 | M46: =IF(OR((NHL2025_26Results[[#This Row],[Winning Team]]="")),"-",IF(Table4[[#This Row],[Predicted Winner]]=NHL2025_26Results[[#This Row],[Winning Team]],"YES","NO")) -> NO | N46: =IF(Table4[[#This Row],[Adjusted Correct]]="-", "",IF(Table4[[#This Row],[Adjusted Correct]]="YES",(Table4[[#This Row],[Strength of Win]]-1)^2,(Table4[[#This Row],[Strength of Win]]-0)^2)) -> 0.39106332 | O46: -0.50375845 | Q46: Nashville Predators | R46: YES
A47: Dallas Stars | B47: 0.66666667 | D47: 45943 | E47: 0.79166667 | F47: Philadelphia Flyers | G47: =VLOOKUP(Table4[[#This Row],[Home]],'NHL Model'!$A$6:$B$38,2,FALSE) -> -0.55097934 | H47: Florida Panthers | I47: =VLOOKUP(Table4[[#This Row],[Visitor]],'NHL Model'!$A$6:$B$38,2,FALSE) -> -0.55695213 | J47: =($B$1+Table4[[#This Row],[Home Differential]])-Table4[[#This Row],[Away Differential]] -> 0.13557978 | K47: =IF(Table4[[#This Row],[HomeIce Differential]]>0,Table4[[#This Row],[Home]],Table4[[#This Row],[Visitor]]) -> Philadelphia Flyers | L47: =MAX(0, MIN(1,IF(Table4[[#This Row],[HomeIce Differential]]>0,((MAX(_xlfn.XLOOKUP(Table4[[#This Row],[Home]],Table1[[#All],[Team]],Table1[[#All],[HomeWin%]]), 0.54))/(MAX(_xlfn.XLOOKUP(Table4[[#This Row],[Home]],Table1[[#All],[Team]],Table1[[#All],[HomeWin%]]), 0.54)+MAX(_xlfn.XLOOKUP(Table4[[#This Row],[Visitor]],Table1[[#All],[Team]],Table1[[#All],[AwayWin%]]), 0.46)))+(Table4[[#This Row],[HomeIce Differential]]*$T$10),((MAX(_xlfn.XLOOKUP(Table4[[#This Row],[Visitor]],Table1[[#All],[Team]],Table1[[#All],[AwayWin%]]), 0.46))/(MAX(_xlfn.XLOOKUP(Table4[[#This Row],[Visitor]],Table1[[#All],[Team]],Table1[[#All],[AwayWin%]]), 0.46)+MAX(_xlfn.XLOOKUP(Table4[[#This Row],[Home]],Table1[[#All],[Team]],Table1[[#All],[HomeWin%]]), 0.54)))+(ABS(Table4[[#This Row],[HomeIce Differential]])*$T$10)))) -> 0.51593804 | M47: =IF(OR((NHL2025_26Results[[#This Row],[Winning Team]]="")),"-",IF(Table4[[#This Row],[Predicted Winner]]=NHL2025_26Results[[#This Row],[Winning Team]],"YES","NO")) -> YES | N47: =IF(Table4[[#This Row],[Adjusted Correct]]="-", "",IF(Table4[[#This Row],[Adjusted Correct]]="YES",(Table4[[#This Row],[Strength of Win]]-1)^2,(Table4[[#This Row],[Strength of Win]]-0)^2)) -> 0.23431598 | O47: -0.56356458 | Q47: Florida Panthers | R47: NO
A48: Detroit Red Wings | B48: 0.5625 | D48: 45943 | E48: 0.66666667 | F48: Toronto Maple Leafs | G48: =VLOOKUP(Table4[[#This Row],[Home]],'NHL Model'!$A$6:$B$38,2,FALSE) -> -0.44228057 | H48: Detroit Red Wings | I48: =VLOOKUP(Table4[[#This Row],[Visitor]],'NHL Model'!$A$6:$B$38,2,FALSE) -> -0.33113779 | J48: =($B$1+Table4[[#This Row],[Home Differential]])-Table4[[#This Row],[Away Differential]] -> 0.018464203 | K48: =IF(Table4[[#This Row],[HomeIce Differential]]>0,Table4[[#This Row],[Home]],Table4[[#This Row],[Visitor]]) -> Toronto Maple Leafs | L48: =MAX(0, MIN(1,IF(Table4[[#This Row],[HomeIce Differential]]>0,((MAX(_xlfn.XLOOKUP(Table4[[#This Row],[Home]],Table1[[#All],[Team]],Table1[[#All],[HomeWin%]]), 0.54))/(MAX(_xlfn.XLOOKUP(Table4[[#This Row],[Home]],Table1[[#All],[Team]],Table1[[#All],[HomeWin%]]), 0.54)+MAX(_xlfn.XLOOKUP(Table4[[#This Row],[Visitor]],Table1[[#All],[Team]],Table1[[#All],[AwayWin%]]), 0.46)))+(Table4[[#This Row],[HomeIce Differential]]*$T$10),((MAX(_xlfn.XLOOKUP(Table4[[#This Row],[Visitor]],Table1[[#All],[Team]],Table1[[#All],[AwayWin%]]), 0.46))/(MAX(_xlfn.XLOOKUP(Table4[[#This Row],[Visitor]],Table1[[#All],[Team]],Table1[[#All],[AwayWin%]]), 0.46)+MAX(_xlfn.XLOOKUP(Table4[[#This Row],[Home]],Table1[[#All],[Team]],Table1[[#All],[HomeWin%]]), 0.54)))+(ABS(Table4[[#This Row],[HomeIce Differential]])*$T$10)))) -> 0.50406545 | M48: =IF(OR((NHL2025_26Results[[#This Row],[Winning Team]]="")),"-",IF(Table4[[#This Row],[Predicted Winner]]=NHL2025_26Results[[#This Row],[Winning Team]],"YES","NO")) -> NO | N48: =IF(Table4[[#This Row],[Adjusted Correct]]="-", "",IF(Table4[[#This Row],[Adjusted Correct]]="YES",(Table4[[#This Row],[Strength of Win]]-1)^2,(Table4[[#This Row],[Strength of Win]]-0)^2)) -> 0.25408198 | O48: -0.46138269 | Q48: Detroit Red Wings | R48: YES
A49: Edmonton Oilers | B49: 0.58333333 | D49: 45943 | E49: 0.8125 | F49: Vancouver Canucks | G49: =VLOOKUP(Table4[[#This Row],[Home]],'NHL Model'!$A$6:$B$38,2,FALSE) -> -1.3920033 | H49: St. Louis Blues | I49: =VLOOKUP(Table4[[#This Row],[Visitor]],'NHL Model'!$A$6:$B$38,2,FALSE) -> -1.3128573 | J49: =($B$1+Table4[[#This Row],[Home Differential]])-Table4[[#This Row],[Away Differential]] -> 0.050460956 | K49: =IF(Table4[[#This Row],[HomeIce Differential]]>0,Table4[[#This Row],[Home]],Table4[[#This Row],[Visitor]]) -> Vancouver Canucks | L49: =MAX(0, MIN(1,IF(Table4[[#This Row],[HomeIce Differential]]>0,((MAX(_xlfn.XLOOKUP(Table4[[#This Row],[Home]],Table1[[#All],[Team]],Table1[[#All],[HomeWin%]]), 0.54))/(MAX(_xlfn.XLOOKUP(Table4[[#This Row],[Home]],Table1[[#All],[Team]],Table1[[#All],[HomeWin%]]), 0.54)+MAX(_xlfn.XLOOKUP(Table4[[#This Row],[Visitor]],Table1[[#All],[Team]],Table1[[#All],[AwayWin%]]), 0.46)))+(Table4[[#This Row],[HomeIce Differential]]*$T$10),((MAX(_xlfn.XLOOKUP(Table4[[#This Row],[Visitor]],Table1[[#All],[Team]],Table1[[#All],[AwayWin%]]), 0.46))/(MAX(_xlfn.XLOOKUP(Table4[[#This Row],[Visitor]],Table1[[#All],[Team]],Table1[[#All],[AwayWin%]]), 0.46)+MAX(_xlfn.XLOOKUP(Table4[[#This Row],[Home]],Table1[[#All],[Team]],Table1[[#All],[HomeWin%]]), 0.54)))+(ABS(Table4[[#This Row],[HomeIce Differential]])*$T$10)))) -> 0.54566646 | M49: =IF(OR((NHL2025_26Results[[#This Row],[Winning Team]]="")),"-",IF(Table4[[#This Row],[Predicted Winner]]=NHL2025_26Results[[#This Row],[Winning Team]],"YES","NO")) -> NO | N49: =IF(Table4[[#This Row],[Adjusted Correct]]="-", "",IF(Table4[[#This Row],[Adjusted Correct]]="YES",(Table4[[#This Row],[Strength of Win]]-1)^2,(Table4[[#This Row],[Strength of Win]]-0)^2)) -> 0.29775188 | O49: -0.4134867 | Q49: St. Louis Blues | R49: YES
A50: Florida Panthers | B50: 0.55555556 | D50: 45944 | E50: 0.9375 | F50: Anaheim Ducks | G50: =VLOOKUP(Table4[[#This Row],[Home]],'NHL Model'!$A$6:$B$38,2,FALSE) -> -0.46360583 | H50: Pittsburgh Penguins | I50: =VLOOKUP(Table4[[#This Row],[Visitor]],'NHL Model'!$A$6:$B$38,2,FALSE) -> 3.6349513e-05 | J50: =($B$1+Table4[[#This Row],[Home Differential]])-Table4[[#This Row],[Away Differential]] -> -0.33403519 | K50: =IF(Table4[[#This Row],[HomeIce Differential]]>0,Table4[[#This Row],[Home]],Table4[[#This Row],[Visitor]]) -> Pittsburgh Penguins | L50: =MAX(0, MIN(1,IF(Table4[[#This Row],[HomeIce Differential]]>0,((MAX(_xlfn.XLOOKUP(Table4[[#This Row],[Home]],Table1[[#All],[Team]],Table1[[#All],[HomeWin%]]), 0.54))/(MAX(_xlfn.XLOOKUP(Table4[[#This Row],[Home]],Table1[[#All],[Team]],Table1[[#All],[HomeWin%]]), 0.54)+MAX(_xlfn.XLOOKUP(Table4[[#This Row],[Visitor]],Table1[[#All],[Team]],Table1[[#All],[AwayWin%]]), 0.46)))+(Table4[[#This Row],[HomeIce Differential]]*$T$10),((MAX(_xlfn.XLOOKUP(Table4[[#This Row],[Visitor]],Table1[[#All],[Team]],Table1[[#All],[AwayWin%]]), 0.46))/(MAX(_xlfn.XLOOKUP(Table4[[#This Row],[Visitor]],Table1[[#All],[Team]],Table1[[#All],[AwayWin%]]), 0.46)+MAX(_xlfn.XLOOKUP(Table4[[#This Row],[Home]],Table1[[#All],[Team]],Table1[[#All],[HomeWin%]]), 0.54)))+(ABS(Table4[[#This Row],[HomeIce Differential]])*$T$10)))) -> 0.49904857 | M50: =IF(OR((NHL2025_26Results[[#This Row],[Winning Team]]="")),"-",IF(Table4[[#This Row],[Predicted Winner]]=NHL2025_26Results[[#This Row],[Winning Team]],"YES","NO")) -> NO | N50: =IF(Table4[[#This Row],[Adjusted Correct]]="-", "",IF(Table4[[#This Row],[Adjusted Correct]]="YES",(Table4[[#This Row],[Strength of Win]]-1)^2,(Table4[[#This Row],[Strength of Win]]-0)^2)) -> 0.24904947 | O50: 0.41593739 | Q50: Anaheim Ducks | R50: YES
... A71: Grand Total | B71: 16.693225 | D71: 45946 | E71: 0.79166667 | F71: Toronto Maple Leafs | G71: =VLOOKUP(Table4[[#This Row],[Home]],'NHL Model'!$A$6:$B$38,2,FALSE) -> -0.44228057 | H71: New York Rangers | I71: =VLOOKUP(Table4[[#This Row],[Visitor]],'NHL Model'!$A$6:$B$38,2,FALSE) -> -0.73651915 | J71: =($B$1+Table4[[#This Row],[Home Differential]])-Table4[[#This Row],[Away Differential]] -> 0.42384557 | K71: =IF(Table4[[#This Row],[HomeIce Differential]]>0,Table4[[#This Row],[Home]],Table4[[#This Row],[Visitor]]) -> Toronto Maple Leafs | L71: =MAX(0, MIN(1,IF(Table4[[#This Row],[HomeIce Differential]]>0,((MAX(_xlfn.XLOOKUP(Table4[[#This Row],[Home]],Table1[[#All],[Team]],Table1[[#All],[HomeWin%]]), 0.54))/(MAX(_xlfn.XLOOKUP(Table4[[#This Row],[Home]],Table1[[#All],[Team]],Table1[[#All],[HomeWin%]]), 0.54)+MAX(_xlfn.XLOOKUP(Table4[[#This Row],[Visitor]],Table1[[#All],[Team]],Table1[[#All],[AwayWin%]]), 0.46)))+(Table4[[#This Row],[HomeIce Differential]]*$T$10),((MAX(_xlfn.XLOOKUP(Table4[[#This Row],[Visitor]],Table1[[#All],[Team]],Table1[[#All],[AwayWin%]]), 0.46))/(MAX(_xlfn.XLOOKUP(Table4[[#This Row],[Visitor]],Table1[[#All],[Team]],Table1[[#All],[AwayWin%]]), 0.46)+MAX(_xlfn.XLOOKUP(Table4[[#This Row],[Home]],Table1[[#All],[Team]],Table1[[#All],[HomeWin%]]), 0.54)))+(ABS(Table4[[#This Row],[HomeIce Differential]])*$T$10)))) -> 0.55167927 | M71: =IF(OR((NHL2025_26Results[[#This Row],[Winning Team]]="")),"-",IF(Table4[[#This Row],[Predicted Winner]]=NHL2025_26Results[[#This Row],[Winning Team]],"YES","NO")) -> YES | N71: =IF(Table4[[#This Row],[Adjusted Correct]]="-", "",IF(Table4[[#This Row],[Adjusted Correct]]="YES",(Table4[[#This Row],[Strength of Win]]-1)^2,(Table4[[#This Row],[Strength of Win]]-0)^2)) -> 0.20099148 | O71: 2.9856908 | Q71: Toronto Maple Leafs | R71: YES
D72: 45946 | E72: 0.91666667 | F72: Vegas Golden Knights | G72: =VLOOKUP(Table4[[#This Row],[Home]],'NHL Model'!$A$6:$B$38,2,FALSE) -> -0.16296463 | H72: Boston Bruins | I72: =VLOOKUP(Table4[[#This Row],[Visitor]],'NHL Model'!$A$6:$B$38,2,FALSE) -> -0.10253061 | J72: =($B$1+Table4[[#This Row],[Home Differential]])-Table4[[#This Row],[Away Differential]] -> 0.069172965 | K72: =IF(Table4[[#This Row],[HomeIce Differential]]>0,Table4[[#This Row],[Home]],Table4[[#This Row],[Visitor]]) -> Vegas Golden Knights | L72: =MAX(0, MIN(1,IF(Table4[[#This Row],[HomeIce Differential]]>0,((MAX(_xlfn.XLOOKUP(Table4[[#This Row],[Home]],Table1[[#All],[Team]],Table1[[#All],[HomeWin%]]), 0.54))/(MAX(_xlfn.XLOOKUP(Table4[[#This Row],[Home]],Table1[[#All],[Team]],Table1[[#All],[HomeWin%]]), 0.54)+MAX(_xlfn.XLOOKUP(Table4[[#This Row],[Visitor]],Table1[[#All],[Team]],Table1[[#All],[AwayWin%]]), 0.46)))+(Table4[[#This Row],[HomeIce Differential]]*$T$10),((MAX(_xlfn.XLOOKUP(Table4[[#This Row],[Visitor]],Table1[[#All],[Team]],Table1[[#All],[AwayWin%]]), 0.46))/(MAX(_xlfn.XLOOKUP(Table4[[#This Row],[Visitor]],Table1[[#All],[Team]],Table1[[#All],[AwayWin%]]), 0.46)+MAX(_xlfn.XLOOKUP(Table4[[#This Row],[Home]],Table1[[#All],[Team]],Table1[[#All],[HomeWin%]]), 0.54)))+(ABS(Table4[[#This Row],[HomeIce Differential]])*$T$10)))) -> 0.5477677 | M72: =IF(OR((NHL2025_26Results[[#This Row],[Winning Team]]="")),"-",IF(Table4[[#This Row],[Predicted Winner]]=NHL2025_26Results[[#This Row],[Winning Team]],"YES","NO")) -> YES | N72: =IF(Table4[[#This Row],[Adjusted Correct]]="-", "",IF(Table4[[#This Row],[Adjusted Correct]]="YES",(Table4[[#This Row],[Strength of Win]]-1)^2,(Table4[[#This Row],[Strength of Win]]-0)^2)) -> 0.20451405 | O72: -2.5601465 | Q72: Boston Bruins | R72: NO
D73: 45947 | E73: 0.85416667 | F73: Chicago Blackhawks | G73: =VLOOKUP(Table4[[#This Row],[Home]],'NHL Model'!$A$6:$B$38,2,FALSE) -> -0.92658078 | H73: Vancouver Canucks | I73: =VLOOKUP(Table4[[#This Row],[Visitor]],'NHL Model'!$A$6:$B$38,2,FALSE) -> -1.3920033 | J73: =($B$1+Table4[[#This Row],[Home Differential]])-Table4[[#This Row],[Away Differential]] -> 0.59502951 | K73: =IF(Table4[[#This Row],[HomeIce Differential]]>0,Table4[[#This Row],[Home]],Table4[[#This Row],[Visitor]]) -> Chicago Blackhawks | L73: =MAX(0, MIN(1,IF(Table4[[#This Row],[HomeIce Differential]]>0,((MAX(_xlfn.XLOOKUP(Table4[[#This Row],[Home]],Table1[[#All],[Team]],Table1[[#All],[HomeWin%]]), 0.54))/(MAX(_xlfn.XLOOKUP(Table4[[#This Row],[Home]],Table1[[#All],[Team]],Table1[[#All],[HomeWin%]]), 0.54)+MAX(_xlfn.XLOOKUP(Table4[[#This Row],[Visitor]],Table1[[#All],[Team]],Table1[[#All],[AwayWin%]]), 0.46)))+(Table4[[#This Row],[HomeIce Differential]]*$T$10),((MAX(_xlfn.XLOOKUP(Table4[[#This Row],[Visitor]],Table1[[#All],[Team]],Table1[[#All],[AwayWin%]]), 0.46))/(MAX(_xlfn.XLOOKUP(Table4[[#This Row],[Visitor]],Table1[[#All],[Team]],Table1[[#All],[AwayWin%]]), 0.46)+MAX(_xlfn.XLOOKUP(Table4[[#This Row],[Home]],Table1[[#All],[Team]],Table1[[#All],[HomeWin%]]), 0.54)))+(ABS(Table4[[#This Row],[HomeIce Differential]])*$T$10)))) -> 0.60681816 | M73: =IF(OR((NHL2025_26Results[[#This Row],[Winning Team]]="")),"-",IF(Table4[[#This Row],[Predicted Winner]]=NHL2025_26Results[[#This Row],[Winning Team]],"YES","NO")) -> NO | N73: =IF(Table4[[#This Row],[Adjusted Correct]]="-", "",IF(Table4[[#This Row],[Adjusted Correct]]="YES",(Table4[[#This Row],[Strength of Win]]-1)^2,(Table4[[#This Row],[Strength of Win]]-0)^2)) -> 0.36822828 | O73: 0.50461759 | Q73: Chicago Blackhawks | R73: NO
D74: 45947 | E74: 0.79166667 | F74: Detroit Red Wings | G74: =VLOOKUP(Table4[[#This Row],[Home]],'NHL Model'!$A$6:$B$38,2,FALSE) -> -0.33113779 | H74: Tampa Bay Lightning | I74: =VLOOKUP(Table4[[#This Row],[Visitor]],'NHL Model'!$A$6:$B$38,2,FALSE) -> 0.72108185 | J74: =($B$1+Table4[[#This Row],[Home Differential]])-Table4[[#This Row],[Away Differential]] -> -0.92261265 | K74: =IF(Table4[[#This Row],[HomeIce Differential]]>0,Table4[[#This Row],[Home]],Table4[[#This Row],[Visitor]]) -> Tampa Bay Lightning | L74: =MAX(0, MIN(1,IF(Table4[[#This Row],[HomeIce Differential]]>0,((MAX(_xlfn.XLOOKUP(Table4[[#This Row],[Home]],Table1[[#All],[Team]],Table1[[#All],[HomeWin%]]), 0.54))/(MAX(_xlfn.XLOOKUP(Table4[[#This Row],[Home]],Table1[[#All],[Team]],Table1[[#All],[HomeWin%]]), 0.54)+MAX(_xlfn.XLOOKUP(Table4[[#This Row],[Visitor]],Table1[[#All],[Team]],Table1[[#All],[AwayWin%]]), 0.46)))+(Table4[[#This Row],[HomeIce Differential]]*$T$10),((MAX(_xlfn.XLOOKUP(Table4[[#This Row],[Visitor]],Table1[[#All],[Team]],Table1[[#All],[AwayWin%]]), 0.46))/(MAX(_xlfn.XLOOKUP(Table4[[#This Row],[Visitor]],Table1[[#All],[Team]],Table1[[#All],[AwayWin%]]), 0.46)+MAX(_xlfn.XLOOKUP(Table4[[#This Row],[Home]],Table1[[#All],[Team]],Table1[[#All],[HomeWin%]]), 0.54)))+(ABS(Table4[[#This Row],[HomeIce Differential]])*$T$10)))) -> 0.63433 | M74: =IF(OR((NHL2025_26Results[[#This Row],[Winning Team]]="")),"-",IF(Table4[[#This Row],[Predicted Winner]]=NHL2025_26Results[[#This Row],[Winning Team]],"YES","NO")) -> NO | N74: =IF(Table4[[#This Row],[Adjusted Correct]]="-", "",IF(Table4[[#This Row],[Adjusted Correct]]="YES",(Table4[[#This Row],[Strength of Win]]-1)^2,(Table4[[#This Row],[Strength of Win]]-0)^2)) -> 0.40237455 | O74: 2.1140059 | Q74: Detroit Red Wings | R74: YES
D75: 45947 | E75: 0.875 | F75: Utah Mammoth | G75: =VLOOKUP(Table4[[#This Row],[Home]],'NHL Model'!$A$6:$B$38,2,FALSE) -> 0.084094726 | H75: San Jose Sharks | I75: =VLOOKUP(Table4[[#This Row],[Visitor]],'NHL Model'!$A$6:$B$38,2,FALSE) -> -0.65236582 | J75: =($B$1+Table4[[#This Row],[Home Differential]])-Table4[[#This Row],[Away Differential]] -> 0.86606754 | K75: =IF(Table4[[#This Row],[HomeIce Differential]]>0,Table4[[#This Row],[Home]],Table4[[#This Row],[Visitor]]) -> Utah Mammoth | L75: =MAX(0, MIN(1,IF(Table4[[#This Row],[HomeIce Differential]]>0,((MAX(_xlfn.XLOOKUP(Table4[[#This Row],[Home]],Table1[[#All],[Team]],Table1[[#All],[HomeWin%]]), 0.54))/(MAX(_xlfn.XLOOKUP(Table4[[#This Row],[Home]],Table1[[#All],[Team]],Table1[[#All],[HomeWin%]]), 0.54)+MAX(_xlfn.XLOOKUP(Table4[[#This Row],[Visitor]],Table1[[#All],[Team]],Table1[[#All],[AwayWin%]]), 0.46)))+(Table4[[#This Row],[HomeIce Differential]]*$T$10),((MAX(_xlfn.XLOOKUP(Table4[[#This Row],[Visitor]],Table1[[#All],[Team]],Table1[[#All],[AwayWin%]]), 0.46))/(MAX(_xlfn.XLOOKUP(Table4[[#This Row],[Visitor]],Table1[[#All],[Team]],Table1[[#All],[AwayWin%]]), 0.46)+MAX(_xlfn.XLOOKUP(Table4[[#This Row],[Home]],Table1[[#All],[Team]],Table1[[#All],[HomeWin%]]), 0.54)))+(ABS(Table4[[#This Row],[HomeIce Differential]])*$T$10)))) -> 0.66619651 | M75: =IF(OR((NHL2025_26Results[[#This Row],[Winning Team]]="")),"-",IF(Table4[[#This Row],[Predicted Winner]]=NHL2025_26Results[[#This Row],[Winning Team]],"YES","NO")) -> YES | N75: =IF(Table4[[#This Row],[Adjusted Correct]]="-", "",IF(Table4[[#This Row],[Adjusted Correct]]="YES",(Table4[[#This Row],[Strength of Win]]-1)^2,(Table4[[#This Row],[Strength of Win]]-0)^2)) -> 0.11142477 | O75: 1.449841 | Q75: Utah Mammoth | R75: YES
D76: 45947 | E76: 0.79166667 | F76: Washington Capitals | G76: =VLOOKUP(Table4[[#This Row],[Home]],'NHL Model'!$A$6:$B$38,2,FALSE) -> -0.11977593 | H76: Minnesota Wild | I76: =VLOOKUP(Table4[[#This Row],[Visitor]],'NHL Model'!$A$6:$B$38,2,FALSE) -> 0.060485284 | J76: =($B$1+Table4[[#This Row],[Home Differential]])-Table4[[#This Row],[Away Differential]] -> -0.05065423 | K76: =IF(Table4[[#This Row],[HomeIce Differential]]>0,Table4[[#This Row],[Home]],Table4[[#This Row],[Visitor]]) -> Minnesota Wild | L76: =MAX(0, MIN(1,IF(Table4[[#This Row],[HomeIce Differential]]>0,((MAX(_xlfn.XLOOKUP(Table4[[#This Row],[Home]],Table1[[#All],[Team]],Table1[[#All],[HomeWin%]]), 0.54))/(MAX(_xlfn.XLOOKUP(Table4[[#This Row],[Home]],Table1[[#All],[Team]],Table1[[#All],[HomeWin%]]), 0.54)+MAX(_xlfn.XLOOKUP(Table4[[#This Row],[Visitor]],Table1[[#All],[Team]],Table1[[#All],[AwayWin%]]), 0.46)))+(Table4[[#This Row],[HomeIce Differential]]*$T$10),((MAX(_xlfn.XLOOKUP(Table4[[#This Row],[Visitor]],Table1[[#All],[Team]],Table1[[#All],[AwayWin%]]), 0.46))/(MAX(_xlfn.XLOOKUP(Table4[[#This Row],[Visitor]],Table1[[#All],[Team]],Table1[[#All],[AwayWin%]]), 0.46)+MAX(_xlfn.XLOOKUP(Table4[[#This Row],[Home]],Table1[[#All],[Team]],Table1[[#All],[HomeWin%]]), 0.54)))+(ABS(Table4[[#This Row],[HomeIce Differential]])*$T$10)))) -> 0.51684238 | M76: =IF(OR((NHL2025_26Results[[#This Row],[Winning Team]]="")),"-",IF(Table4[[#This Row],[Predicted Winner]]=NHL2025_26Results[[#This Row],[Winning Team]],"YES","NO")) -> NO | N76: =IF(Table4[[#This Row],[Adjusted Correct]]="-", "",IF(Table4[[#This Row],[Adjusted Correct]]="YES",(Table4[[#This Row],[Strength of Win]]-1)^2,(Table4[[#This Row],[Strength of Win]]-0)^2)) -> 0.26712604 | O76: 1.932573 | Q76: Washington Capitals | R76: YES
D77: 45948 | E77: 0.54166667 | F77: Buffalo Sabres | G77: =VLOOKUP(Table4[[#This Row],[Home]],'NHL Model'!$A$6:$B$38,2,FALSE) -> 0.0081543966 | H77: Florida Panthers | I77: =VLOOKUP(Table4[[#This Row],[Visitor]],'NHL Model'!$A$6:$B$38,2,FALSE) -> -0.55695213 | J77: =($B$1+Table4[[#This Row],[Home Differential]])-Table4[[#This Row],[Away Differential]] -> 0.69471351 | K77: =IF(Table4[[#This Row],[HomeIce Differential]]>0,Table4[[#This Row],[Home]],Table4[[#This Row],[Visitor]]) -> Buffalo Sabres | L77: =MAX(0, MIN(1,IF(Table4[[#This Row],[HomeIce Differential]]>0,((MAX(_xlfn.XLOOKUP(Table4[[#This Row],[Home]],Table1[[#All],[Team]],Table1[[#All],[HomeWin%]]), 0.54))/(MAX(_xlfn.XLOOKUP(Table4[[#This Row],[Home]],Table1[[#All],[Team]],Table1[[#All],[HomeWin%]]), 0.54)+MAX(_xlfn.XLOOKUP(Table4[[#This Row],[Visitor]],Table1[[#All],[Team]],Table1[[#All],[AwayWin%]]), 0.46)))+(Table4[[#This Row],[HomeIce Differential]]*$T$10),((MAX(_xlfn.XLOOKUP(Table4[[#This Row],[Visitor]],Table1[[#All],[Team]],Table1[[#All],[AwayWin%]]), 0.46))/(MAX(_xlfn.XLOOKUP(Table4[[#This Row],[Visitor]],Table1[[#All],[Team]],Table1[[#All],[AwayWin%]]), 0.46)+MAX(_xlfn.XLOOKUP(Table4[[#This Row],[Home]],Table1[[#All],[Team]],Table1[[#All],[HomeWin%]]), 0.54)))+(ABS(Table4[[#This Row],[HomeIce Differential]])*$T$10)))) -> 0.60798809 | M77: =IF(OR((NHL2025_26Results[[#This Row],[Winning Team]]="")),"-",IF(Table4[[#This Row],[Predicted Winner]]=NHL2025_26Results[[#This Row],[Winning Team]],"YES","NO")) -> YES | N77: =IF(Table4[[#This Row],[Adjusted Correct]]="-", "",IF(Table4[[#This Row],[Adjusted Correct]]="YES",(Table4[[#This Row],[Strength of Win]]-1)^2,(Table4[[#This Row],[Strength of Win]]-0)^2)) -> 0.15367334 | O77: 0.4960938 | Q77: Buffalo Sabres | R77: YES
D78: 45948 | E78: 0.79166667 | F78: Columbus Blue Jackets | G78: =VLOOKUP(Table4[[#This Row],[Home]],'NHL Model'!$A$6:$B$38,2,FALSE) -> -0.2815648 | H78: Tampa Bay Lightning | I78: =VLOOKUP(Table4[[#This Row],[Visitor]],'NHL Model'!$A$6:$B$38,2,FALSE) -> 0.72108185 | J78: =($B$1+Table4[[#This Row],[Home Differential]])-Table4[[#This Row],[Away Differential]] -> -0.87303966 | K78: =IF(Table4[[#This Row],[HomeIce Differential]]>0,Table4[[#This Row],[Home]],Table4[[#This Row],[Visitor]]) -> Tampa Bay Lightning | L78: =MAX(0, MIN(1,IF(Table4[[#This Row],[HomeIce Differential]]>0,((MAX(_xlfn.XLOOKUP(Table4[[#This Row],[Home]],Table1[[#All],[Team]],Table1[[#All],[HomeWin%]]), 0.54))/(MAX(_xlfn.XLOOKUP(Table4[[#This Row],[Home]],Table1[[#All],[Team]],Table1[[#All],[HomeWin%]]), 0.54)+MAX(_xlfn.XLOOKUP(Table4[[#This Row],[Visitor]],Table1[[#All],[Team]],Table1[[#All],[AwayWin%]]), 0.46)))+(Table4[[#This Row],[HomeIce Differential]]*$T$10),((MAX(_xlfn.XLOOKUP(Table4[[#This Row],[Visitor]],Table1[[#All],[Team]],Table1[[#All],[AwayWin%]]), 0.46))/(MAX(_xlfn.XLOOKUP(Table4[[#This Row],[Visitor]],Table1[[#All],[Team]],Table1[[#All],[AwayWin%]]), 0.46)+MAX(_xlfn.XLOOKUP(Table4[[#This Row],[Home]],Table1[[#All],[Team]],Table1[[#All],[HomeWin%]]), 0.54)))+(ABS(Table4[[#This Row],[HomeIce Differential]])*$T$10)))) -> 0.64787623 | M78: =IF(OR((NHL2025_26Results[[#This Row],[Winning Team]]="")),"-",IF(Table4[[#This Row],[Predicted Winner]]=NHL2025_26Results[[#This Row],[Winning Team]],"YES","NO")) -> NO | N78: =IF(Table4[[#This Row],[Adjusted Correct]]="-", "",IF(Table4[[#This Row],[Adjusted Correct]]="YES",(Table4[[#This Row],[Strength of Win]]-1)^2,(Table4[[#This Row],[Strength of Win]]-0)^2)) -> 0.41974361 | O78: 0.46611341 | Q78: Columbus Blue Jackets | R78: YES
D79: 45948 | E79: 0.875 | F79: Colorado Avalanche | G79: =VLOOKUP(Table4[[#This Row],[Home]],'NHL Model'!$A$6:$B$38,2,FALSE) -> 0.99866683 | H79: Boston Bruins | I79: =VLOOKUP(Table4[[#This Row],[Visitor]],'NHL Model'!$A$6:$B$38,2,FALSE) -> -0.10253061 | J79: =($B$1+Table4[[#This Row],[Home Differential]])-Table4[[#This Row],[Away Differential]] -> 1.2308044 | K79: =IF(Table4[[#This Row],[HomeIce Differential]]>0,Table4[[#This Row],[Home]],Table4[[#This Row],[Visitor]]) -> Colorado Avalanche | L79: =MAX(0, MIN(1,IF(Table4[[#This Row],[HomeIce Differential]]>0,((MAX(_xlfn.XLOOKUP(Table4[[#This Row],[Home]],Table1[[#All],[Team]],Table1[[#All],[HomeWin%]]), 0.54))/(MAX(_xlfn.XLOOKUP(Table4[[#This Row],[Home]],Table1[[#All],[Team]],Table1[[#All],[HomeWin%]]), 0.54)+MAX(_xlfn.XLOOKUP(Table4[[#This Row],[Visitor]],Table1[[#All],[Team]],Table1[[#All],[AwayWin%]]), 0.46)))+(Table4[[#This Row],[HomeIce Differential]]*$T$10),((MAX(_xlfn.XLOOKUP(Table4[[#This Row],[Visitor]],Table1[[#All],[Team]],Table1[[#All],[AwayWin%]]), 0.46))/(MAX(_xlfn.XLOOKUP(Table4[[#This Row],[Visitor]],Table1[[#All],[Team]],Table1[[#All],[AwayWin%]]), 0.46)+MAX(_xlfn.XLOOKUP(Table4[[#This Row],[Home]],Table1[[#All],[Team]],Table1[[#All],[HomeWin%]]), 0.54)))+(ABS(Table4[[#This Row],[HomeIce Differential]])*$T$10)))) -> 0.7580465 | M79: =IF(OR((NHL2025_26Results[[#This Row],[Winning Team]]="")),"-",IF(Table4[[#This Row],[Predicted Winner]]=NHL2025_26Results[[#This Row],[Winning Team]],"YES","NO")) -> YES | N79: =IF(Table4[[#This Row],[Adjusted Correct]]="-", "",IF(Table4[[#This Row],[Adjusted Correct]]="YES",(Table4[[#This Row],[Strength of Win]]-1)^2,(Table4[[#This Row],[Strength of Win]]-0)^2)) -> 0.058541497 | O79: 1.3275581 | Q79: Colorado Avalanche | R79: YES
D80: 45948 | E80: 0.875 | F80: Los Angeles Kings | G80: =VLOOKUP(Table4[[#This Row],[Home]],'NHL Model'!$A$6:$B$38,2,FALSE) -> -0.5906969 | H80: Carolina Hurricanes | I80: =VLOOKUP(Table4[[#This Row],[Visitor]],'NHL Model'!$A$6:$B$38,2,FALSE) -> 0.2324942 | J80: =($B$1+Table4[[#This Row],[Home Differential]])-Table4[[#This Row],[Away Differential]] -> -0.69358411 | K80: =IF(Table4[[#This Row],[HomeIce Differential]]>0,Table4[[#This Row],[Home]],Table4[[#This Row],[Visitor]]) -> Carolina Hurricanes | L80: =MAX(0, MIN(1,IF(Table4[[#This Row],[HomeIce Differential]]>0,((MAX(_xlfn.XLOOKUP(Table4[[#This Row],[Home]],Table1[[#All],[Team]],Table1[[#All],[HomeWin%]]), 0.54))/(MAX(_xlfn.XLOOKUP(Table4[[#This Row],[Home]],Table1[[#All],[Team]],Table1[[#All],[HomeWin%]]), 0.54)+MAX(_xlfn.XLOOKUP(Table4[[#This Row],[Visitor]],Table1[[#All],[Team]],Table1[[#All],[AwayWin%]]), 0.46)))+(Table4[[#This Row],[HomeIce Differential]]*$T$10),((MAX(_xlfn.XLOOKUP(Table4[[#This Row],[Visitor]],Table1[[#All],[Team]],Table1[[#All],[AwayWin%]]), 0.46))/(MAX(_xlfn.XLOOKUP(Table4[[#This Row],[Visitor]],Table1[[#All],[Team]],Table1[[#All],[AwayWin%]]), 0.46)+MAX(_xlfn.XLOOKUP(Table4[[#This Row],[Home]],Table1[[#All],[Team]],Table1[[#All],[HomeWin%]]), 0.54)))+(ABS(Table4[[#This Row],[HomeIce Differential]])*$T$10)))) -> 0.59441417 | M80: =IF(OR((NHL2025_26Results[[#This Row],[Winning Team]]="")),"-",IF(Table4[[#This Row],[Predicted Winner]]=NHL2025_26Results[[#This Row],[Winning Team]],"YES","NO")) -> YES | N80: =IF(Table4[[#This Row],[Adjusted Correct]]="-", "",IF(Table4[[#This Row],[Adjusted Correct]]="YES",(Table4[[#This Row],[Strength of Win]]-1)^2,(Table4[[#This Row],[Strength of Win]]-0)^2)) -> 0.16449987 | O80: -2.4361086 | Q80: Carolina Hurricanes | R80: YES
D81: 45948 | E81: 0.79166667 | F81: Montreal Canadiens | G81: =VLOOKUP(Table4[[#This Row],[Home]],'NHL Model'!$A$6:$B$38,2,FALSE) -> -0.086274677 | H81: New York Rangers | I81: =VLOOKUP(Table4[[#This Row],[Visitor]],'NHL Model'!$A$6:$B$38,2,FALSE) -> -0.73651915 | J81: =($B$1+Table4[[#This Row],[Home Differential]])-Table4[[#This Row],[Away Differential]] -> 0.77985146 | K81: =IF(Table4[[#This Row],[HomeIce Differential]]>0,Table4[[#This Row],[Home]],Table4[[#This Row],[Visitor]]) -> Montreal Canadiens | L81: =MAX(0, MIN(1,IF(Table4[[#This Row],[HomeIce Differential]]>0,((MAX(_xlfn.XLOOKUP(Table4[[#This Row],[Home]],Table1[[#All],[Team]],Table1[[#All],[HomeWin%]]), 0.54))/(MAX(_xlfn.XLOOKUP(Table4[[#This Row],[Home]],Table1[[#All],[Team]],Table1[[#All],[HomeWin%]]), 0.54)+MAX(_xlfn.XLOOKUP(Table4[[#This Row],[Visitor]],Table1[[#All],[Team]],Table1[[#All],[AwayWin%]]), 0.46)))+(Table4[[#This Row],[HomeIce Differential]]*$T$10),((MAX(_xlfn.XLOOKUP(Table4[[#This Row],[Visitor]],Table1[[#All],[Team]],Table1[[#All],[AwayWin%]]), 0.46))/(MAX(_xlfn.XLOOKUP(Table4[[#This Row],[Visitor]],Table1[[#All],[Team]],Table1[[#All],[AwayWin%]]), 0.46)+MAX(_xlfn.XLOOKUP(Table4[[#This Row],[Home]],Table1[[#All],[Team]],Table1[[#All],[HomeWin%]]), 0.54)))+(ABS(Table4[[#This Row],[HomeIce Differential]])*$T$10)))) -> 0.60579116 | M81: =IF(OR((NHL2025_26Results[[#This Row],[Winning Team]]="")),"-",IF(Table4[[#This Row],[Predicted Winner]]=NHL2025_26Results[[#This Row],[Winning Team]],"YES","NO")) -> NO | N81: =IF(Table4[[#This Row],[Adjusted Correct]]="-", "",IF(Table4[[#This Row],[Adjusted Correct]]="YES",(Table4[[#This Row],[Strength of Win]]-1)^2,(Table4[[#This Row],[Strength of Win]]-0)^2)) -> 0.36698293 | O81: 0.1458565 | Q81: Montreal Canadiens | R81: NO
D82: 45948 | E82: 0.64583333 | F82: New Jersey Devils | G82: =VLOOKUP(Table4[[#This Row],[Home]],'NHL Model'!$A$6:$B$38,2,FALSE) -> -0.74510804 | H82: Edmonton Oilers | I82: =VLOOKUP(Table4[[#This Row],[Visitor]],'NHL Model'!$A$6:$B$38,2,FALSE) -> -0.36462595 | J82: =($B$1+Table4[[#This Row],[Home Differential]])-Table4[[#This Row],[Away Differential]] -> -0.2508751 | K82: =IF(Table4[[#This Row],[HomeIce Differential]]>0,Table4[[#This Row],[Home]],Table4[[#This Row],[Visitor]]) -> Edmonton Oilers | L82: =MAX(0, MIN(1,IF(Table4[[#This Row],[HomeIce Differential]]>0,((MAX(_xlfn.XLOOKUP(Table4[[#This Row],[Home]],Table1[[#All],[Team]],Table1[[#All],[HomeWin%]]), 0.54))/(MAX(_xlfn.XLOOKUP(Table4[[#This Row],[Home]],Table1[[#All],[Team]],Table1[[#All],[HomeWin%]]), 0.54)+MAX(_xlfn.XLOOKUP(Table4[[#This Row],[Visitor]],Table1[[#All],[Team]],Table1[[#All],[AwayWin%]]), 0.46)))+(Table4[[#This Row],[HomeIce Differential]]*$T$10),((MAX(_xlfn.XLOOKUP(Table4[[#This Row],[Visitor]],Table1[[#All],[Team]],Table1[[#All],[AwayWin%]]), 0.46))/(MAX(_xlfn.XLOOKUP(Table4[[#This Row],[Visitor]],Table1[[#All],[Team]],Table1[[#All],[AwayWin%]]), 0.46)+MAX(_xlfn.XLOOKUP(Table4[[#This Row],[Home]],Table1[[#All],[Team]],Table1[[#All],[HomeWin%]]), 0.54)))+(ABS(Table4[[#This Row],[HomeIce Differential]])*$T$10)))) -> 0.48817173 | M82: =IF(OR((NHL2025_26Results[[#This Row],[Winning Team]]="")),"-",IF(Table4[[#This Row],[Predicted Winner]]=NHL2025_26Results[[#This Row],[Winning Team]],"YES","NO")) -> NO | N82: =IF(Table4[[#This Row],[Adjusted Correct]]="-", "",IF(Table4[[#This Row],[Adjusted Correct]]="YES",(Table4[[#This Row],[Strength of Win]]-1)^2,(Table4[[#This Row],[Strength of Win]]-0)^2)) -> 0.23831164 | O82: 1.3001093 | Q82: New Jersey Devils | R82: YES
D83: 45948 | E83: 0.625 | F83: Ottawa Senators | G83: =VLOOKUP(Table4[[#This Row],[Home]],'NHL Model'!$A$6:$B$38,2,FALSE) -> -0.19010748 | H83: New York Islanders | I83: =VLOOKUP(Table4[[#This Row],[Visitor]],'NHL Model'!$A$6:$B$38,2,FALSE) -> -0.18630463 | J83: =($B$1+Table4[[#This Row],[Home Differential]])-Table4[[#This Row],[Away Differential]] -> 0.12580413 | K83: =IF(Table4[[#This Row],[HomeIce Differential]]>0,Table4[[#This Row],[Home]],Table4[[#This Row],[Visitor]]) -> Ottawa Senators | L83: =MAX(0, MIN(1,IF(Table4[[#This Row],[HomeIce Differential]]>0,((MAX(_xlfn.XLOOKUP(Table4[[#This Row],[Home]],Table1[[#All],[Team]],Table1[[#All],[HomeWin%]]), 0.54))/(MAX(_xlfn.XLOOKUP(Table4[[#This Row],[Home]],Table1[[#All],[Team]],Table1[[#All],[HomeWin%]]), 0.54)+MAX(_xlfn.XLOOKUP(Table4[[#This Row],[Visitor]],Table1[[#All],[Team]],Table1[[#All],[AwayWin%]]), 0.46)))+(Table4[[#This Row],[HomeIce Differential]]*$T$10),((MAX(_xlfn.XLOOKUP(Table4[[#This Row],[Visitor]],Table1[[#All],[Team]],Table1[[#All],[AwayWin%]]), 0.46))/(MAX(_xlfn.XLOOKUP(Table4[[#This Row],[Visitor]],Table1[[#All],[Team]],Table1[[#All],[AwayWin%]]), 0.46)+MAX(_xlfn.XLOOKUP(Table4[[#This Row],[Home]],Table1[[#All],[Team]],Table1[[#All],[HomeWin%]]), 0.54)))+(ABS(Table4[[#This Row],[HomeIce Differential]])*$T$10)))) -> 0.51723262 | M83: =IF(OR((NHL2025_26Results[[#This Row],[Winning Team]]="")),"-",IF(Table4[[#This Row],[Predicted Winner]]=NHL2025_26Results[[#This Row],[Winning Team]],"YES","NO")) -> NO | N83: =IF(Table4[[#This Row],[Adjusted Correct]]="-", "",IF(Table4[[#This Row],[Adjusted Correct]]="YES",(Table4[[#This Row],[Strength of Win]]-1)^2,(Table4[[#This Row],[Strength of Win]]-0)^2)) -> 0.26752959 | O83: -1.5775627 | Q83: New York Islanders | R83: YES
... D217: 45966 | E217: 0.91666667 | F217: Vancouver Canucks | G217: =VLOOKUP(Table4[[#This Row],[Home]],'NHL Model'!$A$6:$B$38,2,FALSE) -> -1.3920033 | H217: Chicago Blackhawks | I217: =VLOOKUP(Table4[[#This Row],[Visitor]],'NHL Model'!$A$6:$B$38,2,FALSE) -> -0.92658078 | J217: =($B$1+Table4[[#This Row],[Home Differential]])-Table4[[#This Row],[Away Differential]] -> -0.33581554 | K217: =IF(Table4[[#This Row],[HomeIce Differential]]>0,Table4[[#This Row],[Home]],Table4[[#This Row],[Visitor]]) -> Chicago Blackhawks | L217: =MAX(0, MIN(1,IF(Table4[[#This Row],[HomeIce Differential]]>0,((MAX(_xlfn.XLOOKUP(Table4[[#This Row],[Home]],Table1[[#All],[Team]],Table1[[#All],[HomeWin%]]), 0.54))/(MAX(_xlfn.XLOOKUP(Table4[[#This Row],[Home]],Table1[[#All],[Team]],Table1[[#All],[HomeWin%]]), 0.54)+MAX(_xlfn.XLOOKUP(Table4[[#This Row],[Visitor]],Table1[[#All],[Team]],Table1[[#All],[AwayWin%]]), 0.46)))+(Table4[[#This Row],[HomeIce Differential]]*$T$10),((MAX(_xlfn.XLOOKUP(Table4[[#This Row],[Visitor]],Table1[[#All],[Team]],Table1[[#All],[AwayWin%]]), 0.46))/(MAX(_xlfn.XLOOKUP(Table4[[#This Row],[Visitor]],Table1[[#All],[Team]],Table1[[#All],[AwayWin%]]), 0.46)+MAX(_xlfn.XLOOKUP(Table4[[#This Row],[Home]],Table1[[#All],[Team]],Table1[[#All],[HomeWin%]]), 0.54)))+(ABS(Table4[[#This Row],[HomeIce Differential]])*$T$10)))) -> 0.49771002 | M217: =IF(OR((NHL2025_26Results[[#This Row],[Winning Team]]="")),"-",IF(Table4[[#This Row],[Predicted Winner]]=NHL2025_26Results[[#This Row],[Winning Team]],"YES","NO")) -> YES | N217: =IF(Table4[[#This Row],[Adjusted Correct]]="-", "",IF(Table4[[#This Row],[Adjusted Correct]]="YES",(Table4[[#This Row],[Strength of Win]]-1)^2,(Table4[[#This Row],[Strength of Win]]-0)^2)) -> 0.25229522 | O217: 0.18113532 | Q217: Utah Mammoth | R217: NO
D218: 45966 | E218: 0.8125 | F218: Washington Capitals | G218: =VLOOKUP(Table4[[#This Row],[Home]],'NHL Model'!$A$6:$B$38,2,FALSE) -> -0.11977593 | H218: St. Louis Blues | I218: =VLOOKUP(Table4[[#This Row],[Visitor]],'NHL Model'!$A$6:$B$38,2,FALSE) -> -1.3128573 | J218: =($B$1+Table4[[#This Row],[Home Differential]])-Table4[[#This Row],[Away Differential]] -> 1.3226883 | K218: =IF(Table4[[#This Row],[HomeIce Differential]]>0,Table4[[#This Row],[Home]],Table4[[#This Row],[Visitor]]) -> Washington Capitals | L218: =MAX(0, MIN(1,IF(Table4[[#This Row],[HomeIce Differential]]>0,((MAX(_xlfn.XLOOKUP(Table4[[#This Row],[Home]],Table1[[#All],[Team]],Table1[[#All],[HomeWin%]]), 0.54))/(MAX(_xlfn.XLOOKUP(Table4[[#This Row],[Home]],Table1[[#All],[Team]],Table1[[#All],[HomeWin%]]), 0.54)+MAX(_xlfn.XLOOKUP(Table4[[#This Row],[Visitor]],Table1[[#All],[Team]],Table1[[#All],[AwayWin%]]), 0.46)))+(Table4[[#This Row],[HomeIce Differential]]*$T$10),((MAX(_xlfn.XLOOKUP(Table4[[#This Row],[Visitor]],Table1[[#All],[Team]],Table1[[#All],[AwayWin%]]), 0.46))/(MAX(_xlfn.XLOOKUP(Table4[[#This Row],[Visitor]],Table1[[#All],[Team]],Table1[[#All],[AwayWin%]]), 0.46)+MAX(_xlfn.XLOOKUP(Table4[[#This Row],[Home]],Table1[[#All],[Team]],Table1[[#All],[HomeWin%]]), 0.54)))+(ABS(Table4[[#This Row],[HomeIce Differential]])*$T$10)))) -> 0.70649631 | M218: =IF(OR((NHL2025_26Results[[#This Row],[Winning Team]]="")),"-",IF(Table4[[#This Row],[Predicted Winner]]=NHL2025_26Results[[#This Row],[Winning Team]],"YES","NO")) -> YES | N218: =IF(Table4[[#This Row],[Adjusted Correct]]="-", "",IF(Table4[[#This Row],[Adjusted Correct]]="YES",(Table4[[#This Row],[Strength of Win]]-1)^2,(Table4[[#This Row],[Strength of Win]]-0)^2)) -> 0.086144417 | O218: -0.44900289 | Q218: Chicago Blackhawks | R218: YES | T218: TEST Model
D219: 45967 | E219: 0.79166667 | F219: Boston Bruins | G219: =VLOOKUP(Table4[[#This Row],[Home]],'NHL Model'!$A$6:$B$38,2,FALSE) -> -0.10253061 | H219: Ottawa Senators | I219: =VLOOKUP(Table4[[#This Row],[Visitor]],'NHL Model'!$A$6:$B$38,2,FALSE) -> -0.19010748 | J219: =($B$1+Table4[[#This Row],[Home Differential]])-Table4[[#This Row],[Away Differential]] -> 0.21718386 | K219: =IF(Table4[[#This Row],[HomeIce Differential]]>0,Table4[[#This Row],[Home]],Table4[[#This Row],[Visitor]]) -> Boston Bruins | L219: =MAX(0, MIN(1,IF(Table4[[#This Row],[HomeIce Differential]]>0,((MAX(_xlfn.XLOOKUP(Table4[[#This Row],[Home]],Table1[[#All],[Team]],Table1[[#All],[HomeWin%]]), 0.54))/(MAX(_xlfn.XLOOKUP(Table4[[#This Row],[Home]],Table1[[#All],[Team]],Table1[[#All],[HomeWin%]]), 0.54)+MAX(_xlfn.XLOOKUP(Table4[[#This Row],[Visitor]],Table1[[#All],[Team]],Table1[[#All],[AwayWin%]]), 0.46)))+(Table4[[#This Row],[HomeIce Differential]]*$T$10),((MAX(_xlfn.XLOOKUP(Table4[[#This Row],[Visitor]],Table1[[#All],[Team]],Table1[[#All],[AwayWin%]]), 0.46))/(MAX(_xlfn.XLOOKUP(Table4[[#This Row],[Visitor]],Table1[[#All],[Team]],Table1[[#All],[AwayWin%]]), 0.46)+MAX(_xlfn.XLOOKUP(Table4[[#This Row],[Home]],Table1[[#All],[Team]],Table1[[#All],[HomeWin%]]), 0.54)))+(ABS(Table4[[#This Row],[HomeIce Differential]])*$T$10)))) -> 0.60438841 | M219: =IF(OR((NHL2025_26Results[[#This Row],[Winning Team]]="")),"-",IF(Table4[[#This Row],[Predicted Winner]]=NHL2025_26Results[[#This Row],[Winning Team]],"YES","NO")) -> YES | N219: =IF(Table4[[#This Row],[Adjusted Correct]]="-", "",IF(Table4[[#This Row],[Adjusted Correct]]="YES",(Table4[[#This Row],[Strength of Win]]-1)^2,(Table4[[#This Row],[Strength of Win]]-0)^2)) -> 0.15650853 | O219: 0.90690422 | P219: 0.71293671 | Q219: Boston Bruins | R219: YES
D220: 45967 | E220: 0.79166667 | F220: Buffalo Sabres | G220: =VLOOKUP(Table4[[#This Row],[Home]],'NHL Model'!$A$6:$B$38,2,FALSE) -> 0.0081543966 | H220: St. Louis Blues | I220: =VLOOKUP(Table4[[#This Row],[Visitor]],'NHL Model'!$A$6:$B$38,2,FALSE) -> -1.3128573 | J220: =($B$1+Table4[[#This Row],[Home Differential]])-Table4[[#This Row],[Away Differential]] -> 1.4506187 | K220: =IF(Table4[[#This Row],[HomeIce Differential]]>0,Table4[[#This Row],[Home]],Table4[[#This Row],[Visitor]]) -> Buffalo Sabres | L220: =MAX(0, MIN(1,IF(Table4[[#This Row],[HomeIce Differential]]>0,((MAX(_xlfn.XLOOKUP(Table4[[#This Row],[Home]],Table1[[#All],[Team]],Table1[[#All],[HomeWin%]]), 0.54))/(MAX(_xlfn.XLOOKUP(Table4[[#This Row],[Home]],Table1[[#All],[Team]],Table1[[#All],[HomeWin%]]), 0.54)+MAX(_xlfn.XLOOKUP(Table4[[#This Row],[Visitor]],Table1[[#All],[Team]],Table1[[#All],[AwayWin%]]), 0.46)))+(Table4[[#This Row],[HomeIce Differential]]*$T$10),((MAX(_xlfn.XLOOKUP(Table4[[#This Row],[Visitor]],Table1[[#All],[Team]],Table1[[#All],[AwayWin%]]), 0.46))/(MAX(_xlfn.XLOOKUP(Table4[[#This Row],[Visitor]],Table1[[#All],[Team]],Table1[[#All],[AwayWin%]]), 0.46)+MAX(_xlfn.XLOOKUP(Table4[[#This Row],[Home]],Table1[[#All],[Team]],Table1[[#All],[HomeWin%]]), 0.54)))+(ABS(Table4[[#This Row],[HomeIce Differential]])*$T$10)))) -> 0.73183801 | M220: =IF(OR((NHL2025_26Results[[#This Row],[Winning Team]]="")),"-",IF(Table4[[#This Row],[Predicted Winner]]=NHL2025_26Results[[#This Row],[Winning Team]],"YES","NO")) -> NO | N220: =IF(Table4[[#This Row],[Adjusted Correct]]="-", "",IF(Table4[[#This Row],[Adjusted Correct]]="YES",(Table4[[#This Row],[Strength of Win]]-1)^2,(Table4[[#This Row],[Strength of Win]]-0)^2)) -> 0.53558688 | O220: 1.9255667 | P220: 0.70580739 | Q220: Buffalo Sabres | R220: NO
D221: 45967 | E221: 0.79166667 | F221: Carolina Hurricanes | G221: =VLOOKUP(Table4[[#This Row],[Home]],'NHL Model'!$A$6:$B$38,2,FALSE) -> 0.2324942 | H221: Minnesota Wild | I221: =VLOOKUP(Table4[[#This Row],[Visitor]],'NHL Model'!$A$6:$B$38,2,FALSE) -> 0.060485284 | J221: =($B$1+Table4[[#This Row],[Home Differential]])-Table4[[#This Row],[Away Differential]] -> 0.3016159 | K221: =IF(Table4[[#This Row],[HomeIce Differential]]>0,Table4[[#This Row],[Home]],Table4[[#This Row],[Visitor]]) -> Carolina Hurricanes | L221: =MAX(0, MIN(1,IF(Table4[[#This Row],[HomeIce Differential]]>0,((MAX(_xlfn.XLOOKUP(Table4[[#This Row],[Home]],Table1[[#All],[Team]],Table1[[#All],[HomeWin%]]), 0.54))/(MAX(_xlfn.XLOOKUP(Table4[[#This Row],[Home]],Table1[[#All],[Team]],Table1[[#All],[HomeWin%]]), 0.54)+MAX(_xlfn.XLOOKUP(Table4[[#This Row],[Visitor]],Table1[[#All],[Team]],Table1[[#All],[AwayWin%]]), 0.46)))+(Table4[[#This Row],[HomeIce Differential]]*$T$10),((MAX(_xlfn.XLOOKUP(Table4[[#This Row],[Visitor]],Table1[[#All],[Team]],Table1[[#All],[AwayWin%]]), 0.46))/(MAX(_xlfn.XLOOKUP(Table4[[#This Row],[Visitor]],Table1[[#All],[Team]],Table1[[#All],[AwayWin%]]), 0.46)+MAX(_xlfn.XLOOKUP(Table4[[#This Row],[Home]],Table1[[#All],[Team]],Table1[[#All],[HomeWin%]]), 0.54)))+(ABS(Table4[[#This Row],[HomeIce Differential]])*$T$10)))) -> 0.56122388 | M221: =IF(OR((NHL2025_26Results[[#This Row],[Winning Team]]="")),"-",IF(Table4[[#This Row],[Predicted Winner]]=NHL2025_26Results[[#This Row],[Winning Team]],"YES","NO")) -> YES | N221: =IF(Table4[[#This Row],[Adjusted Correct]]="-", "",IF(Table4[[#This Row],[Adjusted Correct]]="YES",(Table4[[#This Row],[Strength of Win]]-1)^2,(Table4[[#This Row],[Strength of Win]]-0)^2)) -> 0.19252449 | O221: 2.7341687 | P221: 0.949063 | Q221: Carolina Hurricanes | R221: YES
D222: 45967 | E222: 0.83333333 | F222: Dallas Stars | G222: =VLOOKUP(Table4[[#This Row],[Home]],'NHL Model'!$A$6:$B$38,2,FALSE) -> 0.21708031 | H222: Anaheim Ducks | I222: =VLOOKUP(Table4[[#This Row],[Visitor]],'NHL Model'!$A$6:$B$38,2,FALSE) -> -0.46360583 | J222: =($B$1+Table4[[#This Row],[Home Differential]])-Table4[[#This Row],[Away Differential]] -> 0.81029312 | K222: =IF(Table4[[#This Row],[HomeIce Differential]]>0,Table4[[#This Row],[Home]],Table4[[#This Row],[Visitor]]) -> Dallas Stars | L222: =MAX(0, MIN(1,IF(Table4[[#This Row],[HomeIce Differential]]>0,((MAX(_xlfn.XLOOKUP(Table4[[#This Row],[Home]],Table1[[#All],[Team]],Table1[[#All],[HomeWin%]]), 0.54))/(MAX(_xlfn.XLOOKUP(Table4[[#This Row],[Home]],Table1[[#All],[Team]],Table1[[#All],[HomeWin%]]), 0.54)+MAX(_xlfn.XLOOKUP(Table4[[#This Row],[Visitor]],Table1[[#All],[Team]],Table1[[#All],[AwayWin%]]), 0.46)))+(Table4[[#This Row],[HomeIce Differential]]*$T$10),((MAX(_xlfn.XLOOKUP(Table4[[#This Row],[Visitor]],Table1[[#All],[Team]],Table1[[#All],[AwayWin%]]), 0.46))/(MAX(_xlfn.XLOOKUP(Table4[[#This Row],[Visitor]],Table1[[#All],[Team]],Table1[[#All],[AwayWin%]]), 0.46)+MAX(_xlfn.XLOOKUP(Table4[[#This Row],[Home]],Table1[[#All],[Team]],Table1[[#All],[HomeWin%]]), 0.54)))+(ABS(Table4[[#This Row],[HomeIce Differential]])*$T$10)))) -> 0.66882915 | M222: =IF(OR((NHL2025_26Results[[#This Row],[Winning Team]]="")),"-",IF(Table4[[#This Row],[Predicted Winner]]=NHL2025_26Results[[#This Row],[Winning Team]],"YES","NO")) -> NO | N222: =IF(Table4[[#This Row],[Adjusted Correct]]="-", "",IF(Table4[[#This Row],[Adjusted Correct]]="YES",(Table4[[#This Row],[Strength of Win]]-1)^2,(Table4[[#This Row],[Strength of Win]]-0)^2)) -> 0.44733244 | O222: -1.1306397 | P222: 0.70949722 | Q222: Anaheim Ducks | R222: YES
D223: 45967 | E223: 0.91666667 | F223: Los Angeles Kings | G223: =VLOOKUP(Table4[[#This Row],[Home]],'NHL Model'!$A$6:$B$38,2,FALSE) -> -0.5906969 | H223: Florida Panthers | I223: =VLOOKUP(Table4[[#This Row],[Visitor]],'NHL Model'!$A$6:$B$38,2,FALSE) -> -0.55695213 | J223: =($B$1+Table4[[#This Row],[Home Differential]])-Table4[[#This Row],[Away Differential]] -> 0.095862218 | K223: =IF(Table4[[#This Row],[HomeIce Differential]]>0,Table4[[#This Row],[Home]],Table4[[#This Row],[Visitor]]) -> Los Angeles Kings | L223: =MAX(0, MIN(1,IF(Table4[[#This Row],[HomeIce Differential]]>0,((MAX(_xlfn.XLOOKUP(Table4[[#This Row],[Home]],Table1[[#All],[Team]],Table1[[#All],[HomeWin%]]), 0.54))/(MAX(_xlfn.XLOOKUP(Table4[[#This Row],[Home]],Table1[[#All],[Team]],Table1[[#All],[HomeWin%]]), 0.54)+MAX(_xlfn.XLOOKUP(Table4[[#This Row],[Visitor]],Table1[[#All],[Team]],Table1[[#All],[AwayWin%]]), 0.46)))+(Table4[[#This Row],[HomeIce Differential]]*$T$10),((MAX(_xlfn.XLOOKUP(Table4[[#This Row],[Visitor]],Table1[[#All],[Team]],Table1[[#All],[AwayWin%]]), 0.46))/(MAX(_xlfn.XLOOKUP(Table4[[#This Row],[Visitor]],Table1[[#All],[Team]],Table1[[#All],[AwayWin%]]), 0.46)+MAX(_xlfn.XLOOKUP(Table4[[#This Row],[Home]],Table1[[#All],[Team]],Table1[[#All],[HomeWin%]]), 0.54)))+(ABS(Table4[[#This Row],[HomeIce Differential]])*$T$10)))) -> 0.51147801 | M223: =IF(OR((NHL2025_26Results[[#This Row],[Winning Team]]="")),"-",IF(Table4[[#This Row],[Predicted Winner]]=NHL2025_26Results[[#This Row],[Winning Team]],"YES","NO")) -> NO | N223: =IF(Table4[[#This Row],[Adjusted Correct]]="-", "",IF(Table4[[#This Row],[Adjusted Correct]]="YES",(Table4[[#This Row],[Strength of Win]]-1)^2,(Table4[[#This Row],[Strength of Win]]-0)^2)) -> 0.26160975 | O223: 0.4642376 | P223: 0.46593451 | Q223: Los Angeles Kings | R223: YES
D224: 45967 | E224: 0.79166667 | F224: New Jersey Devils | G224: =VLOOKUP(Table4[[#This Row],[Home]],'NHL Model'!$A$6:$B$38,2,FALSE) -> -0.74510804 | H224: Montreal Canadiens | I224: =VLOOKUP(Table4[[#This Row],[Visitor]],'NHL Model'!$A$6:$B$38,2,FALSE) -> -0.086274677 | J224: =($B$1+Table4[[#This Row],[Home Differential]])-Table4[[#This Row],[Away Differential]] -> -0.52922637 | K224: =IF(Table4[[#This Row],[HomeIce Differential]]>0,Table4[[#This Row],[Home]],Table4[[#This Row],[Visitor]]) -> Montreal Canadiens | L224: =MAX(0, MIN(1,IF(Table4[[#This Row],[HomeIce Differential]]>0,((MAX(_xlfn.XLOOKUP(Table4[[#This Row],[Home]],Table1[[#All],[Team]],Table1[[#All],[HomeWin%]]), 0.54))/(MAX(_xlfn.XLOOKUP(Table4[[#This Row],[Home]],Table1[[#All],[Team]],Table1[[#All],[HomeWin%]]), 0.54)+MAX(_xlfn.XLOOKUP(Table4[[#This Row],[Visitor]],Table1[[#All],[Team]],Table1[[#All],[AwayWin%]]), 0.46)))+(Table4[[#This Row],[HomeIce Differential]]*$T$10),((MAX(_xlfn.XLOOKUP(Table4[[#This Row],[Visitor]],Table1[[#All],[Team]],Table1[[#All],[AwayWin%]]), 0.46))/(MAX(_xlfn.XLOOKUP(Table4[[#This Row],[Visitor]],Table1[[#All],[Team]],Table1[[#All],[AwayWin%]]), 0.46)+MAX(_xlfn.XLOOKUP(Table4[[#This Row],[Home]],Table1[[#All],[Team]],Table1[[#All],[HomeWin%]]), 0.54)))+(ABS(Table4[[#This Row],[HomeIce Differential]])*$T$10)))) -> 0.56479843 | M224: =IF(OR((NHL2025_26Results[[#This Row],[Winning Team]]="")),"-",IF(Table4[[#This Row],[Predicted Winner]]=NHL2025_26Results[[#This Row],[Winning Team]],"YES","NO")) -> NO | N224: =IF(Table4[[#This Row],[Adjusted Correct]]="-", "",IF(Table4[[#This Row],[Adjusted Correct]]="YES",(Table4[[#This Row],[Strength of Win]]-1)^2,(Table4[[#This Row],[Strength of Win]]-0)^2)) -> 0.31899726 | O224: 0.89057694 | P224: 0.728302 | Q224: New Jersey Devils | R224: YES
D225: 45967 | E225: 0.83333333 | F225: Nashville Predators | G225: =VLOOKUP(Table4[[#This Row],[Home]],'NHL Model'!$A$6:$B$38,2,FALSE) -> -0.82056481 | H225: Philadelphia Flyers | I225: =VLOOKUP(Table4[[#This Row],[Visitor]],'NHL Model'!$A$6:$B$38,2,FALSE) -> -0.55097934 | J225: =($B$1+Table4[[#This Row],[Home Differential]])-Table4[[#This Row],[Away Differential]] -> -0.13997849 | K225: =IF(Table4[[#This Row],[HomeIce Differential]]>0,Table4[[#This Row],[Home]],Table4[[#This Row],[Visitor]]) -> Philadelphia Flyers | L225: =MAX(0, MIN(1,IF(Table4[[#This Row],[HomeIce Differential]]>0,((MAX(_xlfn.XLOOKUP(Table4[[#This Row],[Home]],Table1[[#All],[Team]],Table1[[#All],[HomeWin%]]), 0.54))/(MAX(_xlfn.XLOOKUP(Table4[[#This Row],[Home]],Table1[[#All],[Team]],Table1[[#All],[HomeWin%]]), 0.54)+MAX(_xlfn.XLOOKUP(Table4[[#This Row],[Visitor]],Table1[[#All],[Team]],Table1[[#All],[AwayWin%]]), 0.46)))+(Table4[[#This Row],[HomeIce Differential]]*$T$10),((MAX(_xlfn.XLOOKUP(Table4[[#This Row],[Visitor]],Table1[[#All],[Team]],Table1[[#All],[AwayWin%]]), 0.46))/(MAX(_xlfn.XLOOKUP(Table4[[#This Row],[Visitor]],Table1[[#All],[Team]],Table1[[#All],[AwayWin%]]), 0.46)+MAX(_xlfn.XLOOKUP(Table4[[#This Row],[Home]],Table1[[#All],[Team]],Table1[[#All],[HomeWin%]]), 0.54)))+(ABS(Table4[[#This Row],[HomeIce Differential]])*$T$10)))) -> 0.47571873 | M225: =IF(OR((NHL2025_26Results[[#This Row],[Winning Team]]="")),"-",IF(Table4[[#This Row],[Predicted Winner]]=NHL2025_26Results[[#This Row],[Winning Team]],"YES","NO")) -> YES | N225: =IF(Table4[[#This Row],[Adjusted Correct]]="-", "",IF(Table4[[#This Row],[Adjusted Correct]]="YES",(Table4[[#This Row],[Strength of Win]]-1)^2,(Table4[[#This Row],[Strength of Win]]-0)^2)) -> 0.27487085 | O225: -0.71361525 | P225: 0.58495636 | Q225: Philadelphia Flyers | R225: YES
D226: 45967 | E226: 0.8125 | F226: Pittsburgh Penguins | G226: =VLOOKUP(Table4[[#This Row],[Home]],'NHL Model'!$A$6:$B$38,2,FALSE) -> 3.6349513e-05 | H226: Washington Capitals | I226: =VLOOKUP(Table4[[#This Row],[Visitor]],'NHL Model'!$A$6:$B$38,2,FALSE) -> -0.11977593 | J226: =($B$1+Table4[[#This Row],[Home Differential]])-Table4[[#This Row],[Away Differential]] -> 0.24941927 | K226: =IF(Table4[[#This Row],[HomeIce Differential]]>0,Table4[[#This Row],[Home]],Table4[[#This Row],[Visitor]]) -> Pittsburgh Penguins | L226: =MAX(0, MIN(1,IF(Table4[[#This Row],[HomeIce Differential]]>0,((MAX(_xlfn.XLOOKUP(Table4[[#This Row],[Home]],Table1[[#All],[Team]],Table1[[#All],[HomeWin%]]), 0.54))/(MAX(_xlfn.XLOOKUP(Table4[[#This Row],[Home]],Table1[[#All],[Team]],Table1[[#All],[HomeWin%]]), 0.54)+MAX(_xlfn.XLOOKUP(Table4[[#This Row],[Visitor]],Table1[[#All],[Team]],Table1[[#All],[AwayWin%]]), 0.46)))+(Table4[[#This Row],[HomeIce Differential]]*$T$10),((MAX(_xlfn.XLOOKUP(Table4[[#This Row],[Visitor]],Table1[[#All],[Team]],Table1[[#All],[AwayWin%]]), 0.46))/(MAX(_xlfn.XLOOKUP(Table4[[#This Row],[Visitor]],Table1[[#All],[Team]],Table1[[#All],[AwayWin%]]), 0.46)+MAX(_xlfn.XLOOKUP(Table4[[#This Row],[Home]],Table1[[#All],[Team]],Table1[[#All],[HomeWin%]]), 0.54)))+(ABS(Table4[[#This Row],[HomeIce Differential]])*$T$10)))) -> 0.56800825 | M226: =IF(OR((NHL2025_26Results[[#This Row],[Winning Team]]="")),"-",IF(Table4[[#This Row],[Predicted Winner]]=NHL2025_26Results[[#This Row],[Winning Team]],"YES","NO")) -> YES | N226: =IF(Table4[[#This Row],[Adjusted Correct]]="-", "",IF(Table4[[#This Row],[Adjusted Correct]]="YES",(Table4[[#This Row],[Strength of Win]]-1)^2,(Table4[[#This Row],[Strength of Win]]-0)^2)) -> 0.18661687 | O226: 0.69291313 | P226: 0.67853927 | Q226: Pittsburgh Penguins | R226: YES
D227: 45967 | E227: 0.91666667 | F227: Vegas Golden Knights | G227: =VLOOKUP(Table4[[#This Row],[Home]],'NHL Model'!$A$6:$B$38,2,FALSE) -> -0.16296463 | H227: Tampa Bay Lightning | I227: =VLOOKUP(Table4[[#This Row],[Visitor]],'NHL Model'!$A$6:$B$38,2,FALSE) -> 0.72108185 | J227: =($B$1+Table4[[#This Row],[Home Differential]])-Table4[[#This Row],[Away Differential]] -> -0.7544395 | K227: =IF(Table4[[#This Row],[HomeIce Differential]]>0,Table4[[#This Row],[Home]],Table4[[#This Row],[Visitor]]) -> Tampa Bay Lightning | L227: =MAX(0, MIN(1,IF(Table4[[#This Row],[HomeIce Differential]]>0,((MAX(_xlfn.XLOOKUP(Table4[[#This Row],[Home]],Table1[[#All],[Team]],Table1[[#All],[HomeWin%]]), 0.54))/(MAX(_xlfn.XLOOKUP(Table4[[#This Row],[Home]],Table1[[#All],[Team]],Table1[[#All],[HomeWin%]]), 0.54)+MAX(_xlfn.XLOOKUP(Table4[[#This Row],[Visitor]],Table1[[#All],[Team]],Table1[[#All],[AwayWin%]]), 0.46)))+(Table4[[#This Row],[HomeIce Differential]]*$T$10),((MAX(_xlfn.XLOOKUP(Table4[[#This Row],[Visitor]],Table1[[#All],[Team]],Table1[[#All],[AwayWin%]]), 0.46))/(MAX(_xlfn.XLOOKUP(Table4[[#This Row],[Visitor]],Table1[[#All],[Team]],Table1[[#All],[AwayWin%]]), 0.46)+MAX(_xlfn.XLOOKUP(Table4[[#This Row],[Home]],Table1[[#All],[Team]],Table1[[#All],[HomeWin%]]), 0.54)))+(ABS(Table4[[#This Row],[HomeIce Differential]])*$T$10)))) -> 0.64157708 | M227: =IF(OR((NHL2025_26Results[[#This Row],[Winning Team]]="")),"-",IF(Table4[[#This Row],[Predicted Winner]]=NHL2025_26Results[[#This Row],[Winning Team]],"YES","NO")) -> YES | N227: =IF(Table4[[#This Row],[Adjusted Correct]]="-", "",IF(Table4[[#This Row],[Adjusted Correct]]="YES",(Table4[[#This Row],[Strength of Win]]-1)^2,(Table4[[#This Row],[Strength of Win]]-0)^2)) -> 0.12846699 | O227: 0.79076364 | P227: 0.56501829 | Q227: Vegas Golden Knights | R227: NO
D228: 45968 | E228: 0.875 | F228: Calgary Flames | G228: =VLOOKUP(Table4[[#This Row],[Home]],'NHL Model'!$A$6:$B$38,2,FALSE) -> -0.89031222 | H228: Chicago Blackhawks | I228: =VLOOKUP(Table4[[#This Row],[Visitor]],'NHL Model'!$A$6:$B$38,2,FALSE) -> -0.92658078 | J228: =($B$1+Table4[[#This Row],[Home Differential]])-Table4[[#This Row],[Away Differential]] -> 0.16587555 | K228: =IF(Table4[[#This Row],[HomeIce Differential]]>0,Table4[[#This Row],[Home]],Table4[[#This Row],[Visitor]]) -> Calgary Flames | L228: =MAX(0, MIN(1,IF(Table4[[#This Row],[HomeIce Differential]]>0,((MAX(_xlfn.XLOOKUP(Table4[[#This Row],[Home]],Table1[[#All],[Team]],Table1[[#All],[HomeWin%]]), 0.54))/(MAX(_xlfn.XLOOKUP(Table4[[#This Row],[Home]],Table1[[#All],[Team]],Table1[[#All],[HomeWin%]]), 0.54)+MAX(_xlfn.XLOOKUP(Table4[[#This Row],[Visitor]],Table1[[#All],[Team]],Table1[[#All],[AwayWin%]]), 0.46)))+(Table4[[#This Row],[HomeIce Differential]]*$T$10),((MAX(_xlfn.XLOOKUP(Table4[[#This Row],[Visitor]],Table1[[#All],[Team]],Table1[[#All],[AwayWin%]]), 0.46))/(MAX(_xlfn.XLOOKUP(Table4[[#This Row],[Visitor]],Table1[[#All],[Team]],Table1[[#All],[AwayWin%]]), 0.46)+MAX(_xlfn.XLOOKUP(Table4[[#This Row],[Home]],Table1[[#All],[Team]],Table1[[#All],[HomeWin%]]), 0.54)))+(ABS(Table4[[#This Row],[HomeIce Differential]])*$T$10)))) -> 0.55862681 | M228: =IF(OR((NHL2025_26Results[[#This Row],[Winning Team]]="")),"-",IF(Table4[[#This Row],[Predicted Winner]]=NHL2025_26Results[[#This Row],[Winning Team]],"YES","NO")) -> NO | N228: =IF(Table4[[#This Row],[Adjusted Correct]]="-", "",IF(Table4[[#This Row],[Adjusted Correct]]="YES",(Table4[[#This Row],[Strength of Win]]-1)^2,(Table4[[#This Row],[Strength of Win]]-0)^2)) -> 0.31206391 | O228: -0.89826752 | P228: 0.57939683 | Q228: Chicago Blackhawks | R228: YES
D229: 45968 | E229: 0.79166667 | F229: Detroit Red Wings | G229: =VLOOKUP(Table4[[#This Row],[Home]],'NHL Model'!$A$6:$B$38,2,FALSE) -> -0.33113779 | H229: New York Rangers | I229: =VLOOKUP(Table4[[#This Row],[Visitor]],'NHL Model'!$A$6:$B$38,2,FALSE) -> -0.73651915 | J229: =($B$1+Table4[[#This Row],[Home Differential]])-Table4[[#This Row],[Away Differential]] -> 0.53498836 | K229: =IF(Table4[[#This Row],[HomeIce Differential]]>0,Table4[[#This Row],[Home]],Table4[[#This Row],[Visitor]]) -> Detroit Red Wings | L229: =MAX(0, MIN(1,IF(Table4[[#This Row],[HomeIce Differential]]>0,((MAX(_xlfn.XLOOKUP(Table4[[#This Row],[Home]],Table1[[#All],[Team]],Table1[[#All],[HomeWin%]]), 0.54))/(MAX(_xlfn.XLOOKUP(Table4[[#This Row],[Home]],Table1[[#All],[Team]],Table1[[#All],[HomeWin%]]), 0.54)+MAX(_xlfn.XLOOKUP(Table4[[#This Row],[Visitor]],Table1[[#All],[Team]],Table1[[#All],[AwayWin%]]), 0.46)))+(Table4[[#This Row],[HomeIce Differential]]*$T$10),((MAX(_xlfn.XLOOKUP(Table4[[#This Row],[Visitor]],Table1[[#All],[Team]],Table1[[#All],[AwayWin%]]), 0.46))/(MAX(_xlfn.XLOOKUP(Table4[[#This Row],[Visitor]],Table1[[#All],[Team]],Table1[[#All],[AwayWin%]]), 0.46)+MAX(_xlfn.XLOOKUP(Table4[[#This Row],[Home]],Table1[[#All],[Team]],Table1[[#All],[HomeWin%]]), 0.54)))+(ABS(Table4[[#This Row],[HomeIce Differential]])*$T$10)))) -> 0.59046265 | M229: =IF(OR((NHL2025_26Results[[#This Row],[Winning Team]]="")),"-",IF(Table4[[#This Row],[Predicted Winner]]=NHL2025_26Results[[#This Row],[Winning Team]],"YES","NO")) -> NO | N229: =IF(Table4[[#This Row],[Adjusted Correct]]="-", "",IF(Table4[[#This Row],[Adjusted Correct]]="YES",(Table4[[#This Row],[Strength of Win]]-1)^2,(Table4[[#This Row],[Strength of Win]]-0)^2)) -> 0.34864614 | O229: 0.57594293 | P229: 0.60286955 | Q229: Detroit Red Wings | R229: NO
D230: 45968 | E230: 0.79166667 | F230: New York Islanders | G230: =VLOOKUP(Table4[[#This Row],[Home]],'NHL Model'!$A$6:$B$38,2,FALSE) -> -0.18630463 | H230: Minnesota Wild | I230: =VLOOKUP(Table4[[#This Row],[Visitor]],'NHL Model'!$A$6:$B$38,2,FALSE) -> 0.060485284 | J230: =($B$1+Table4[[#This Row],[Home Differential]])-Table4[[#This Row],[Away Differential]] -> -0.11718292 | K230: =IF(Table4[[#This Row],[HomeIce Differential]]>0,Table4[[#This Row],[Home]],Table4[[#This Row],[Visitor]]) -> Minnesota Wild | L230: =MAX(0, MIN(1,IF(Table4[[#This Row],[HomeIce Differential]]>0,((MAX(_xlfn.XLOOKUP(Table4[[#This Row],[Home]],Table1[[#All],[Team]],Table1[[#All],[HomeWin%]]), 0.54))/(MAX(_xlfn.XLOOKUP(Table4[[#This Row],[Home]],Table1[[#All],[Team]],Table1[[#All],[HomeWin%]]), 0.54)+MAX(_xlfn.XLOOKUP(Table4[[#This Row],[Visitor]],Table1[[#All],[Team]],Table1[[#All],[AwayWin%]]), 0.46)))+(Table4[[#This Row],[HomeIce Differential]]*$T$10),((MAX(_xlfn.XLOOKUP(Table4[[#This Row],[Visitor]],Table1[[#All],[Team]],Table1[[#All],[AwayWin%]]), 0.46))/(MAX(_xlfn.XLOOKUP(Table4[[#This Row],[Visitor]],Table1[[#All],[Team]],Table1[[#All],[AwayWin%]]), 0.46)+MAX(_xlfn.XLOOKUP(Table4[[#This Row],[Home]],Table1[[#All],[Team]],Table1[[#All],[HomeWin%]]), 0.54)))+(ABS(Table4[[#This Row],[HomeIce Differential]])*$T$10)))) -> 0.52831044 | M230: =IF(OR((NHL2025_26Results[[#This Row],[Winning Team]]="")),"-",IF(Table4[[#This Row],[Predicted Winner]]=NHL2025_26Results[[#This Row],[Winning Team]],"YES","NO")) -> YES | N230: =IF(Table4[[#This Row],[Adjusted Correct]]="-", "",IF(Table4[[#This Row],[Adjusted Correct]]="YES",(Table4[[#This Row],[Strength of Win]]-1)^2,(Table4[[#This Row],[Strength of Win]]-0)^2)) -> 0.22249104 | O230: 1.0112574 | P230: 0.68843195 | Q230: New York Islanders | R230: NO
D231: 45968 | E231: 0.91666667 | F231: San Jose Sharks | G231: =VLOOKUP(Table4[[#This Row],[Home]],'NHL Model'!$A$6:$B$38,2,FALSE) -> -0.65236582 | H231: Winnipeg Jets | I231: =VLOOKUP(Table4[[#This Row],[Visitor]],'NHL Model'!$A$6:$B$38,2,FALSE) -> -0.58845147 | J231: =($B$1+Table4[[#This Row],[Home Differential]])-Table4[[#This Row],[Away Differential]] -> 0.065692633 | K231: =IF(Table4[[#This Row],[HomeIce Differential]]>0,Table4[[#This Row],[Home]],Table4[[#This Row],[Visitor]]) -> San Jose Sharks | L231: =MAX(0, MIN(1,IF(Table4[[#This Row],[HomeIce Differential]]>0,((MAX(_xlfn.XLOOKUP(Table4[[#This Row],[Home]],Table1[[#All],[Team]],Table1[[#All],[HomeWin%]]), 0.54))/(MAX(_xlfn.XLOOKUP(Table4[[#This Row],[Home]],Table1[[#All],[Team]],Table1[[#All],[HomeWin%]]), 0.54)+MAX(_xlfn.XLOOKUP(Table4[[#This Row],[Visitor]],Table1[[#All],[Team]],Table1[[#All],[AwayWin%]]), 0.46)))+(Table4[[#This Row],[HomeIce Differential]]*$T$10),((MAX(_xlfn.XLOOKUP(Table4[[#This Row],[Visitor]],Table1[[#All],[Team]],Table1[[#All],[AwayWin%]]), 0.46))/(MAX(_xlfn.XLOOKUP(Table4[[#This Row],[Visitor]],Table1[[#All],[Team]],Table1[[#All],[AwayWin%]]), 0.46)+MAX(_xlfn.XLOOKUP(Table4[[#This Row],[Home]],Table1[[#All],[Team]],Table1[[#All],[HomeWin%]]), 0.54)))+(ABS(Table4[[#This Row],[HomeIce Differential]])*$T$10)))) -> 0.54737688 | M231: =IF(OR((NHL2025_26Results[[#This Row],[Winning Team]]="")),"-",IF(Table4[[#This Row],[Predicted Winner]]=NHL2025_26Results[[#This Row],[Winning Team]],"YES","NO")) -> YES | N231: =IF(Table4[[#This Row],[Adjusted Correct]]="-", "",IF(Table4[[#This Row],[Adjusted Correct]]="YES",(Table4[[#This Row],[Strength of Win]]-1)^2,(Table4[[#This Row],[Strength of Win]]-0)^2)) -> 0.20486769 | O231: -0.444696 | P231: 0.65612348 | Q231: Winnipeg Jets | R231: NO
D232: 45969 | E232: 0.79166667 | F232: Carolina Hurricanes | G232: =VLOOKUP(Table4[[#This Row],[Home]],'NHL Model'!$A$6:$B$38,2,FALSE) -> 0.2324942 | H232: Buffalo Sabres | I232: =VLOOKUP(Table4[[#This Row],[Visitor]],'NHL Model'!$A$6:$B$38,2,FALSE) -> 0.0081543966 | J232: =($B$1+Table4[[#This Row],[Home Differential]])-Table4[[#This Row],[Away Differential]] -> 0.35394679 | K232: =IF(Table4[[#This Row],[HomeIce Differential]]>0,Table4[[#This Row],[Home]],Table4[[#This Row],[Visitor]]) -> Carolina Hurricanes | L232: =MAX(0, MIN(1,IF(Table4[[#This Row],[HomeIce Differential]]>0,((MAX(_xlfn.XLOOKUP(Table4[[#This Row],[Home]],Table1[[#All],[Team]],Table1[[#All],[HomeWin%]]), 0.54))/(MAX(_xlfn.XLOOKUP(Table4[[#This Row],[Home]],Table1[[#All],[Team]],Table1[[#All],[HomeWin%]]), 0.54)+MAX(_xlfn.XLOOKUP(Table4[[#This Row],[Visitor]],Table1[[#All],[Team]],Table1[[#All],[AwayWin%]]), 0.46)))+(Table4[[#This Row],[HomeIce Differential]]*$T$10),((MAX(_xlfn.XLOOKUP(Table4[[#This Row],[Visitor]],Table1[[#All],[Team]],Table1[[#All],[AwayWin%]]), 0.46))/(MAX(_xlfn.XLOOKUP(Table4[[#This Row],[Visitor]],Table1[[#All],[Team]],Table1[[#All],[AwayWin%]]), 0.46)+MAX(_xlfn.XLOOKUP(Table4[[#This Row],[Home]],Table1[[#All],[Team]],Table1[[#All],[HomeWin%]]), 0.54)))+(ABS(Table4[[#This Row],[HomeIce Differential]])*$T$10)))) -> 0.59924872 | M232: =IF(OR((NHL2025_26Results[[#This Row],[Winning Team]]="")),"-",IF(Table4[[#This Row],[Predicted Winner]]=NHL2025_26Results[[#This Row],[Winning Team]],"YES","NO")) -> YES | N232: =IF(Table4[[#This Row],[Adjusted Correct]]="-", "",IF(Table4[[#This Row],[Adjusted Correct]]="YES",(Table4[[#This Row],[Strength of Win]]-1)^2,(Table4[[#This Row],[Strength of Win]]-0)^2)) -> 0.16060159 | O232: 1.9351408 | P232: 0.90867605 | Q232: =IF(Table4[[#This Row],[HomeIce Differential]]>0,Table4[[#This Row],[Home]],Table4[[#This Row],[Visitor]]) -> Carolina Hurricanes | R232: YES
D233: 45969 | E233: 0.91666667 | F233: Edmonton Oilers | G233: =VLOOKUP(Table4[[#This Row],[Home]],'NHL Model'!$A$6:$B$38,2,FALSE) -> -0.36462595 | H233: Colorado Avalanche | I233: =VLOOKUP(Table4[[#This Row],[Visitor]],'NHL Model'!$A$6:$B$38,2,FALSE) -> 0.99866683 | J233: =($B$1+Table4[[#This Row],[Home Differential]])-Table4[[#This Row],[Away Differential]] -> -1.2336858 | K233: =IF(Table4[[#This Row],[HomeIce Differential]]>0,Table4[[#This Row],[Home]],Table4[[#This Row],[Visitor]]) -> Colorado Avalanche | L233: =MAX(0, MIN(1,IF(Table4[[#This Row],[HomeIce Differential]]>0,((MAX(_xlfn.XLOOKUP(Table4[[#This Row],[Home]],Table1[[#All],[Team]],Table1[[#All],[HomeWin%]]), 0.54))/(MAX(_xlfn.XLOOKUP(Table4[[#This Row],[Home]],Table1[[#All],[Team]],Table1[[#All],[HomeWin%]]), 0.54)+MAX(_xlfn.XLOOKUP(Table4[[#This Row],[Visitor]],Table1[[#All],[Team]],Table1[[#All],[AwayWin%]]), 0.46)))+(Table4[[#This Row],[HomeIce Differential]]*$T$10),((MAX(_xlfn.XLOOKUP(Table4[[#This Row],[Visitor]],Table1[[#All],[Team]],Table1[[#All],[AwayWin%]]), 0.46))/(MAX(_xlfn.XLOOKUP(Table4[[#This Row],[Visitor]],Table1[[#All],[Team]],Table1[[#All],[AwayWin%]]), 0.46)+MAX(_xlfn.XLOOKUP(Table4[[#This Row],[Home]],Table1[[#All],[Team]],Table1[[#All],[HomeWin%]]), 0.54)))+(ABS(Table4[[#This Row],[HomeIce Differential]])*$T$10)))) -> 0.6678006 | M233: =IF(OR((NHL2025_26Results[[#This Row],[Winning Team]]="")),"-",IF(Table4[[#This Row],[Predicted Winner]]=NHL2025_26Results[[#This Row],[Winning Team]],"YES","NO")) -> YES | N233: =IF(Table4[[#This Row],[Adjusted Correct]]="-", "",IF(Table4[[#This Row],[Adjusted Correct]]="YES",(Table4[[#This Row],[Strength of Win]]-1)^2,(Table4[[#This Row],[Strength of Win]]-0)^2)) -> 0.11035644 | O233: -1.41558 | P233: 0.62882699 | Q233: =IF(Table4[[#This Row],[HomeIce Differential]]>0,Table4[[#This Row],[Home]],Table4[[#This Row],[Visitor]]) -> Colorado Avalanche | R233: YES
D234: 45969 | E234: 0.79166667 | F234: Montreal Canadiens | G234: =VLOOKUP(Table4[[#This Row],[Home]],'NHL Model'!$A$6:$B$38,2,FALSE) -> -0.086274677 | H234: Utah Mammoth | I234: =VLOOKUP(Table4[[#This Row],[Visitor]],'NHL Model'!$A$6:$B$38,2,FALSE) -> 0.084094726 | J234: =($B$1+Table4[[#This Row],[Home Differential]])-Table4[[#This Row],[Away Differential]] -> -0.040762417 | K234: =IF(Table4[[#This Row],[HomeIce Differential]]>0,Table4[[#This Row],[Home]],Table4[[#This Row],[Visitor]]) -> Utah Mammoth | L234: =MAX(0, MIN(1,IF(Table4[[#This Row],[HomeIce Differential]]>0,((MAX(_xlfn.XLOOKUP(Table4[[#This Row],[Home]],Table1[[#All],[Team]],Table1[[#All],[HomeWin%]]), 0.54))/(MAX(_xlfn.XLOOKUP(Table4[[#This Row],[Home]],Table1[[#All],[Team]],Table1[[#All],[HomeWin%]]), 0.54)+MAX(_xlfn.XLOOKUP(Table4[[#This Row],[Visitor]],Table1[[#All],[Team]],Table1[[#All],[AwayWin%]]), 0.46)))+(Table4[[#This Row],[HomeIce Differential]]*$T$10),((MAX(_xlfn.XLOOKUP(Table4[[#This Row],[Visitor]],Table1[[#All],[Team]],Table1[[#All],[AwayWin%]]), 0.46))/(MAX(_xlfn.XLOOKUP(Table4[[#This Row],[Visitor]],Table1[[#All],[Team]],Table1[[#All],[AwayWin%]]), 0.46)+MAX(_xlfn.XLOOKUP(Table4[[#This Row],[Home]],Table1[[#All],[Team]],Table1[[#All],[HomeWin%]]), 0.54)))+(ABS(Table4[[#This Row],[HomeIce Differential]])*$T$10)))) -> 0.45056075 | M234: =IF(OR((NHL2025_26Results[[#This Row],[Winning Team]]="")),"-",IF(Table4[[#This Row],[Predicted Winner]]=NHL2025_26Results[[#This Row],[Winning Team]],"YES","NO")) -> NO | N234: =IF(Table4[[#This Row],[Adjusted Correct]]="-", "",IF(Table4[[#This Row],[Adjusted Correct]]="YES",(Table4[[#This Row],[Strength of Win]]-1)^2,(Table4[[#This Row],[Strength of Win]]-0)^2)) -> 0.20300499 | O234: -0.09143498 | P234: 0.46748034 | Q234: =IF(Table4[[#This Row],[HomeIce Differential]]>0,Table4[[#This Row],[Home]],Table4[[#This Row],[Visitor]]) -> Utah Mammoth | R234: YES
D235: 45969 | E235: 0.52083333 | F235: New Jersey Devils | G235: =VLOOKUP(Table4[[#This Row],[Home]],'NHL Model'!$A$6:$B$38,2,FALSE) -> -0.74510804 | H235: Pittsburgh Penguins | I235: =VLOOKUP(Table4[[#This Row],[Visitor]],'NHL Model'!$A$6:$B$38,2,FALSE) -> 3.6349513e-05 | J235: =($B$1+Table4[[#This Row],[Home Differential]])-Table4[[#This Row],[Away Differential]] -> -0.6155374 | K235: =IF(Table4[[#This Row],[HomeIce Differential]]>0,Table4[[#This Row],[Home]],Table4[[#This Row],[Visitor]]) -> Pittsburgh Penguins | L235: =MAX(0, MIN(1,IF(Table4[[#This Row],[HomeIce Differential]]>0,((MAX(_xlfn.XLOOKUP(Table4[[#This Row],[Home]],Table1[[#All],[Team]],Table1[[#All],[HomeWin%]]), 0.54))/(MAX(_xlfn.XLOOKUP(Table4[[#This Row],[Home]],Table1[[#All],[Team]],Table1[[#All],[HomeWin%]]), 0.54)+MAX(_xlfn.XLOOKUP(Table4[[#This Row],[Visitor]],Table1[[#All],[Team]],Table1[[#All],[AwayWin%]]), 0.46)))+(Table4[[#This Row],[HomeIce Differential]]*$T$10),((MAX(_xlfn.XLOOKUP(Table4[[#This Row],[Visitor]],Table1[[#All],[Team]],Table1[[#All],[AwayWin%]]), 0.46))/(MAX(_xlfn.XLOOKUP(Table4[[#This Row],[Visitor]],Table1[[#All],[Team]],Table1[[#All],[AwayWin%]]), 0.46)+MAX(_xlfn.XLOOKUP(Table4[[#This Row],[Home]],Table1[[#All],[Team]],Table1[[#All],[HomeWin%]]), 0.54)))+(ABS(Table4[[#This Row],[HomeIce Differential]])*$T$10)))) -> 0.58325989 | M235: =IF(OR((NHL2025_26Results[[#This Row],[Winning Team]]="")),"-",IF(Table4[[#This Row],[Predicted Winner]]=NHL2025_26Results[[#This Row],[Winning Team]],"YES","NO")) -> NO | N235: =IF(Table4[[#This Row],[Adjusted Correct]]="-", "",IF(Table4[[#This Row],[Adjusted Correct]]="YES",(Table4[[#This Row],[Strength of Win]]-1)^2,(Table4[[#This Row],[Strength of Win]]-0)^2)) -> 0.3401921 | O235: 0.39090756 | P235: 0.69815703 | Q235: =IF(Table4[[#This Row],[HomeIce Differential]]>0,Table4[[#This Row],[Home]],Table4[[#This Row],[Visitor]]) -> Pittsburgh Penguins | R235: YES
D236: 45969 | E236: 0.64583333 | F236: Nashville Predators | G236: =VLOOKUP(Table4[[#This Row],[Home]],'NHL Model'!$A$6:$B$38,2,FALSE) -> -0.82056481 | H236: Dallas Stars | I236: =VLOOKUP(Table4[[#This Row],[Visitor]],'NHL Model'!$A$6:$B$38,2,FALSE) -> 0.21708031 | J236: =($B$1+Table4[[#This Row],[Home Differential]])-Table4[[#This Row],[Away Differential]] -> -0.90803813 | K236: =IF(Table4[[#This Row],[HomeIce Differential]]>0,Table4[[#This Row],[Home]],Table4[[#This Row],[Visitor]]) -> Dallas Stars | L236: =MAX(0, MIN(1,IF(Table4[[#This Row],[HomeIce Differential]]>0,((MAX(_xlfn.XLOOKUP(Table4[[#This Row],[Home]],Table1[[#All],[Team]],Table1[[#All],[HomeWin%]]), 0.54))/(MAX(_xlfn.XLOOKUP(Table4[[#This Row],[Home]],Table1[[#All],[Team]],Table1[[#All],[HomeWin%]]), 0.54)+MAX(_xlfn.XLOOKUP(Table4[[#This Row],[Visitor]],Table1[[#All],[Team]],Table1[[#All],[AwayWin%]]), 0.46)))+(Table4[[#This Row],[HomeIce Differential]]*$T$10),((MAX(_xlfn.XLOOKUP(Table4[[#This Row],[Visitor]],Table1[[#All],[Team]],Table1[[#All],[AwayWin%]]), 0.46))/(MAX(_xlfn.XLOOKUP(Table4[[#This Row],[Visitor]],Table1[[#All],[Team]],Table1[[#All],[AwayWin%]]), 0.46)+MAX(_xlfn.XLOOKUP(Table4[[#This Row],[Home]],Table1[[#All],[Team]],Table1[[#All],[HomeWin%]]), 0.54)))+(ABS(Table4[[#This Row],[HomeIce Differential]])*$T$10)))) -> 0.62010183 | M236: =IF(OR((NHL2025_26Results[[#This Row],[Winning Team]]="")),"-",IF(Table4[[#This Row],[Predicted Winner]]=NHL2025_26Results[[#This Row],[Winning Team]],"YES","NO")) -> YES | N236: =IF(Table4[[#This Row],[Adjusted Correct]]="-", "",IF(Table4[[#This Row],[Adjusted Correct]]="YES",(Table4[[#This Row],[Strength of Win]]-1)^2,(Table4[[#This Row],[Strength of Win]]-0)^2)) -> 0.14432262 | O236: -0.50338899 | P236: 0.55198134 | Q236: =IF(Table4[[#This Row],[HomeIce Differential]]>0,Table4[[#This Row],[Home]],Table4[[#This Row],[Visitor]]) -> Dallas Stars | R236: YES
D237: 45969 | E237: 0.79166667 | F237: New York Rangers | G237: =VLOOKUP(Table4[[#This Row],[Home]],'NHL Model'!$A$6:$B$38,2,FALSE) -> -0.73651915 | H237: New York Islanders | I237: =VLOOKUP(Table4[[#This Row],[Visitor]],'NHL Model'!$A$6:$B$38,2,FALSE) -> -0.18630463 | J237: =($B$1+Table4[[#This Row],[Home Differential]])-Table4[[#This Row],[Away Differential]] -> -0.42060754 | K237: =IF(Table4[[#This Row],[HomeIce Differential]]>0,Table4[[#This Row],[Home]],Table4[[#This Row],[Visitor]]) -> New York Islanders | L237: =MAX(0, MIN(1,IF(Table4[[#This Row],[HomeIce Differential]]>0,((MAX(_xlfn.XLOOKUP(Table4[[#This Row],[Home]],Table1[[#All],[Team]],Table1[[#All],[HomeWin%]]), 0.54))/(MAX(_xlfn.XLOOKUP(Table4[[#This Row],[Home]],Table1[[#All],[Team]],Table1[[#All],[HomeWin%]]), 0.54)+MAX(_xlfn.XLOOKUP(Table4[[#This Row],[Visitor]],Table1[[#All],[Team]],Table1[[#All],[AwayWin%]]), 0.46)))+(Table4[[#This Row],[HomeIce Differential]]*$T$10),((MAX(_xlfn.XLOOKUP(Table4[[#This Row],[Visitor]],Table1[[#All],[Team]],Table1[[#All],[AwayWin%]]), 0.46))/(MAX(_xlfn.XLOOKUP(Table4[[#This Row],[Visitor]],Table1[[#All],[Team]],Table1[[#All],[AwayWin%]]), 0.46)+MAX(_xlfn.XLOOKUP(Table4[[#This Row],[Home]],Table1[[#All],[Team]],Table1[[#All],[HomeWin%]]), 0.54)))+(ABS(Table4[[#This Row],[HomeIce Differential]])*$T$10)))) -> 0.54412606 | M237: =IF(OR((NHL2025_26Results[[#This Row],[Winning Team]]="")),"-",IF(Table4[[#This Row],[Predicted Winner]]=NHL2025_26Results[[#This Row],[Winning Team]],"YES","NO")) -> YES | N237: =IF(Table4[[#This Row],[Adjusted Correct]]="-", "",IF(Table4[[#This Row],[Adjusted Correct]]="YES",(Table4[[#This Row],[Strength of Win]]-1)^2,(Table4[[#This Row],[Strength of Win]]-0)^2)) -> 0.20782105 | O237: 0.51322224 | P237: 0.61260318 | Q237: =IF(Table4[[#This Row],[HomeIce Differential]]>0,Table4[[#This Row],[Home]],Table4[[#This Row],[Visitor]]) -> New York Islanders | R237: NO
D238: 45969 | E238: 0.54166667 | F238: Philadelphia Flyers | G238: =VLOOKUP(Table4[[#This Row],[Home]],'NHL Model'!$A$6:$B$38,2,FALSE) -> -0.55097934 | H238: Ottawa Senators | I238: =VLOOKUP(Table4[[#This Row],[Visitor]],'NHL Model'!$A$6:$B$38,2,FALSE) -> -0.19010748 | J238: =($B$1+Table4[[#This Row],[Home Differential]])-Table4[[#This Row],[Away Differential]] -> -0.23126487 | K238: =IF(Table4[[#This Row],[HomeIce Differential]]>0,Table4[[#This Row],[Home]],Table4[[#This Row],[Visitor]]) -> Ottawa Senators | L238: =MAX(0, MIN(1,IF(Table4[[#This Row],[HomeIce Differential]]>0,((MAX(_xlfn.XLOOKUP(Table4[[#This Row],[Home]],Table1[[#All],[Team]],Table1[[#All],[HomeWin%]]), 0.54))/(MAX(_xlfn.XLOOKUP(Table4[[#This Row],[Home]],Table1[[#All],[Team]],Table1[[#All],[HomeWin%]]), 0.54)+MAX(_xlfn.XLOOKUP(Table4[[#This Row],[Visitor]],Table1[[#All],[Team]],Table1[[#All],[AwayWin%]]), 0.46)))+(Table4[[#This Row],[HomeIce Differential]]*$T$10),((MAX(_xlfn.XLOOKUP(Table4[[#This Row],[Visitor]],Table1[[#All],[Team]],Table1[[#All],[AwayWin%]]), 0.46))/(MAX(_xlfn.XLOOKUP(Table4[[#This Row],[Visitor]],Table1[[#All],[Team]],Table1[[#All],[AwayWin%]]), 0.46)+MAX(_xlfn.XLOOKUP(Table4[[#This Row],[Home]],Table1[[#All],[Team]],Table1[[#All],[HomeWin%]]), 0.54)))+(ABS(Table4[[#This Row],[HomeIce Differential]])*$T$10)))) -> 0.49798581 | M238: =IF(OR((NHL2025_26Results[[#This Row],[Winning Team]]="")),"-",IF(Table4[[#This Row],[Predicted Winner]]=NHL2025_26Results[[#This Row],[Winning Team]],"YES","NO")) -> YES | N238: =IF(Table4[[#This Row],[Adjusted Correct]]="-", "",IF(Table4[[#This Row],[Adjusted Correct]]="YES",(Table4[[#This Row],[Strength of Win]]-1)^2,(Table4[[#This Row],[Strength of Win]]-0)^2)) -> 0.25201825 | O238: 0.76524674 | P238: 0.6999719 | Q238: =IF(Table4[[#This Row],[HomeIce Differential]]>0,Table4[[#This Row],[Home]],Table4[[#This Row],[Visitor]]) -> Ottawa Senators | R238: NO
D239: 45969 | E239: 0.91666667 | F239: San Jose Sharks | G239: =VLOOKUP(Table4[[#This Row],[Home]],'NHL Model'!$A$6:$B$38,2,FALSE) -> -0.65236582 | H239: Florida Panthers | I239: =VLOOKUP(Table4[[#This Row],[Visitor]],'NHL Model'!$A$6:$B$38,2,FALSE) -> -0.55695213 | J239: =($B$1+Table4[[#This Row],[Home Differential]])-Table4[[#This Row],[Away Differential]] -> 0.034193292 | K239: =IF(Table4[[#This Row],[HomeIce Differential]]>0,Table4[[#This Row],[Home]],Table4[[#This Row],[Visitor]]) -> San Jose Sharks | L239: =MAX(0, MIN(1,IF(Table4[[#This Row],[HomeIce Differential]]>0,((MAX(_xlfn.XLOOKUP(Table4[[#This Row],[Home]],Table1[[#All],[Team]],Table1[[#All],[HomeWin%]]), 0.54))/(MAX(_xlfn.XLOOKUP(Table4[[#This Row],[Home]],Table1[[#All],[Team]],Table1[[#All],[HomeWin%]]), 0.54)+MAX(_xlfn.XLOOKUP(Table4[[#This Row],[Visitor]],Table1[[#All],[Team]],Table1[[#All],[AwayWin%]]), 0.46)))+(Table4[[#This Row],[HomeIce Differential]]*$T$10),((MAX(_xlfn.XLOOKUP(Table4[[#This Row],[Visitor]],Table1[[#All],[Team]],Table1[[#All],[AwayWin%]]), 0.46))/(MAX(_xlfn.XLOOKUP(Table4[[#This Row],[Visitor]],Table1[[#All],[Team]],Table1[[#All],[AwayWin%]]), 0.46)+MAX(_xlfn.XLOOKUP(Table4[[#This Row],[Home]],Table1[[#All],[Team]],Table1[[#All],[HomeWin%]]), 0.54)))+(ABS(Table4[[#This Row],[HomeIce Differential]])*$T$10)))) -> 0.50455296 | M239: =IF(OR((NHL2025_26Results[[#This Row],[Winning Team]]="")),"-",IF(Table4[[#This Row],[Predicted Winner]]=NHL2025_26Results[[#This Row],[Winning Team]],"YES","NO")) -> YES | N239: =IF(Table4[[#This Row],[Adjusted Correct]]="-", "",IF(Table4[[#This Row],[Adjusted Correct]]="YES",(Table4[[#This Row],[Strength of Win]]-1)^2,(Table4[[#This Row],[Strength of Win]]-0)^2)) -> 0.24546777 | O239: 0.24866366 | P239: 0.5751773 | Q239: =IF(Table4[[#This Row],[HomeIce Differential]]>0,Table4[[#This Row],[Home]],Table4[[#This Row],[Visitor]]) -> San Jose Sharks | R239: YES
D240: 45969 | E240: 0.79166667 | F240: St. Louis Blues | G240: =VLOOKUP(Table4[[#This Row],[Home]],'NHL Model'!$A$6:$B$38,2,FALSE) -> -1.3128573 | H240: Seattle Kraken | I240: =VLOOKUP(Table4[[#This Row],[Visitor]],'NHL Model'!$A$6:$B$38,2,FALSE) -> -0.48236715 | J240: =($B$1+Table4[[#This Row],[Home Differential]])-Table4[[#This Row],[Away Differential]] -> -0.70088313 | K240: =IF(Table4[[#This Row],[HomeIce Differential]]>0,Table4[[#This Row],[Home]],Table4[[#This Row],[Visitor]]) -> Seattle Kraken | L240: =MAX(0, MIN(1,IF(Table4[[#This Row],[HomeIce Differential]]>0,((MAX(_xlfn.XLOOKUP(Table4[[#This Row],[Home]],Table1[[#All],[Team]],Table1[[#All],[HomeWin%]]), 0.54))/(MAX(_xlfn.XLOOKUP(Table4[[#This Row],[Home]],Table1[[#All],[Team]],Table1[[#All],[HomeWin%]]), 0.54)+MAX(_xlfn.XLOOKUP(Table4[[#This Row],[Visitor]],Table1[[#All],[Team]],Table1[[#All],[AwayWin%]]), 0.46)))+(Table4[[#This Row],[HomeIce Differential]]*$T$10),((MAX(_xlfn.XLOOKUP(Table4[[#This Row],[Visitor]],Table1[[#All],[Team]],Table1[[#All],[AwayWin%]]), 0.46))/(MAX(_xlfn.XLOOKUP(Table4[[#This Row],[Visitor]],Table1[[#All],[Team]],Table1[[#All],[AwayWin%]]), 0.46)+MAX(_xlfn.XLOOKUP(Table4[[#This Row],[Home]],Table1[[#All],[Team]],Table1[[#All],[HomeWin%]]), 0.54)))+(ABS(Table4[[#This Row],[HomeIce Differential]])*$T$10)))) -> 0.53870488 | M240: =IF(OR((NHL2025_26Results[[#This Row],[Winning Team]]="")),"-",IF(Table4[[#This Row],[Predicted Winner]]=NHL2025_26Results[[#This Row],[Winning Team]],"YES","NO")) -> YES | N240: =IF(Table4[[#This Row],[Adjusted Correct]]="-", "",IF(Table4[[#This Row],[Adjusted Correct]]="YES",(Table4[[#This Row],[Strength of Win]]-1)^2,(Table4[[#This Row],[Strength of Win]]-0)^2)) -> 0.21279319 | O240: -1.0504515 | P240: 0.60860252 | Q240: =IF(Table4[[#This Row],[HomeIce Differential]]>0,Table4[[#This Row],[Home]],Table4[[#This Row],[Visitor]]) -> Seattle Kraken | R240: YES
D241: 45969 | E241: 0.79166667 | F241: Tampa Bay Lightning | G241: =VLOOKUP(Table4[[#This Row],[Home]],'NHL Model'!$A$6:$B$38,2,FALSE) -> 0.72108185 | H241: Washington Capitals | I241: =VLOOKUP(Table4[[#This Row],[Visitor]],'NHL Model'!$A$6:$B$38,2,FALSE) -> -0.11977593 | J241: =($B$1+Table4[[#This Row],[Home Differential]])-Table4[[#This Row],[Away Differential]] -> 0.97046476 | K241: =IF(Table4[[#This Row],[HomeIce Differential]]>0,Table4[[#This Row],[Home]],Table4[[#This Row],[Visitor]]) -> Tampa Bay Lightning | L241: =MAX(0, MIN(1,IF(Table4[[#This Row],[HomeIce Differential]]>0,((MAX(_xlfn.XLOOKUP(Table4[[#This Row],[Home]],Table1[[#All],[Team]],Table1[[#All],[HomeWin%]]), 0.54))/(MAX(_xlfn.XLOOKUP(Table4[[#This Row],[Home]],Table1[[#All],[Team]],Table1[[#All],[HomeWin%]]), 0.54)+MAX(_xlfn.XLOOKUP(Table4[[#This Row],[Visitor]],Table1[[#All],[Team]],Table1[[#All],[AwayWin%]]), 0.46)))+(Table4[[#This Row],[HomeIce Differential]]*$T$10),((MAX(_xlfn.XLOOKUP(Table4[[#This Row],[Visitor]],Table1[[#All],[Team]],Table1[[#All],[AwayWin%]]), 0.46))/(MAX(_xlfn.XLOOKUP(Table4[[#This Row],[Visitor]],Table1[[#All],[Team]],Table1[[#All],[AwayWin%]]), 0.46)+MAX(_xlfn.XLOOKUP(Table4[[#This Row],[Home]],Table1[[#All],[Team]],Table1[[#All],[HomeWin%]]), 0.54)))+(ABS(Table4[[#This Row],[HomeIce Differential]])*$T$10)))) -> 0.70496218 | M241: =IF(OR((NHL2025_26Results[[#This Row],[Winning Team]]="")),"-",IF(Table4[[#This Row],[Predicted Winner]]=NHL2025_26Results[[#This Row],[Winning Team]],"YES","NO")) -> YES | N241: =IF(Table4[[#This Row],[Adjusted Correct]]="-", "",IF(Table4[[#This Row],[Adjusted Correct]]="YES",(Table4[[#This Row],[Strength of Win]]-1)^2,(Table4[[#This Row],[Strength of Win]]-0)^2)) -> 0.087047313 | O241: 0.68630189 | P241: 0.61631873 | Q241: =IF(Table4[[#This Row],[HomeIce Differential]]>0,Table4[[#This Row],[Home]],Table4[[#This Row],[Visitor]]) -> Tampa Bay Lightning | R241: YES
D242: 45969 | E242: 0.79166667 | F242: Toronto Maple Leafs | G242: =VLOOKUP(Table4[[#This Row],[Home]],'NHL Model'!$A$6:$B$38,2,FALSE) -> -0.44228057 | H242: Boston Bruins | I242: =VLOOKUP(Table4[[#This Row],[Visitor]],'NHL Model'!$A$6:$B$38,2,FALSE) -> -0.10253061 | J242: =($B$1+Table4[[#This Row],[Home Differential]])-Table4[[#This Row],[Away Differential]] -> -0.21014297 | K242: =IF(Table4[[#This Row],[HomeIce Differential]]>0,Table4[[#This Row],[Home]],Table4[[#This Row],[Visitor]]) -> Boston Bruins | L242: =MAX(0, MIN(1,IF(Table4[[#This Row],[HomeIce Differential]]>0,((MAX(_xlfn.XLOOKUP(Table4[[#This Row],[Home]],Table1[[#All],[Team]],Table1[[#All],[HomeWin%]]), 0.54))/(MAX(_xlfn.XLOOKUP(Table4[[#This Row],[Home]],Table1[[#All],[Team]],Table1[[#All],[HomeWin%]]), 0.54)+MAX(_xlfn.XLOOKUP(Table4[[#This Row],[Visitor]],Table1[[#All],[Team]],Table1[[#All],[AwayWin%]]), 0.46)))+(Table4[[#This Row],[HomeIce Differential]]*$T$10),((MAX(_xlfn.XLOOKUP(Table4[[#This Row],[Visitor]],Table1[[#All],[Team]],Table1[[#All],[AwayWin%]]), 0.46))/(MAX(_xlfn.XLOOKUP(Table4[[#This Row],[Visitor]],Table1[[#All],[Team]],Table1[[#All],[AwayWin%]]), 0.46)+MAX(_xlfn.XLOOKUP(Table4[[#This Row],[Home]],Table1[[#All],[Team]],Table1[[#All],[HomeWin%]]), 0.54)))+(ABS(Table4[[#This Row],[HomeIce Differential]])*$T$10)))) -> 0.48359777 | M242: =IF(OR((NHL2025_26Results[[#This Row],[Winning Team]]="")),"-",IF(Table4[[#This Row],[Predicted Winner]]=NHL2025_26Results[[#This Row],[Winning Team]],"YES","NO")) -> YES | N242: =IF(Table4[[#This Row],[Adjusted Correct]]="-", "",IF(Table4[[#This Row],[Adjusted Correct]]="YES",(Table4[[#This Row],[Strength of Win]]-1)^2,(Table4[[#This Row],[Strength of Win]]-0)^2)) -> 0.26667127 | O242: -0.018279325 | P242: 0.39913762 | Q242: =IF(Table4[[#This Row],[HomeIce Differential]]>0,Table4[[#This Row],[Home]],Table4[[#This Row],[Visitor]]) -> Boston Bruins | R242: YES
D243: 45969 | E243: 0.91666667 | F243: Vancouver Canucks | G243: =VLOOKUP(Table4[[#This Row],[Home]],'NHL Model'!$A$6:$B$38,2,FALSE) -> -1.3920033 | H243: Columbus Blue Jackets | I243: =VLOOKUP(Table4[[#This Row],[Visitor]],'NHL Model'!$A$6:$B$38,2,FALSE) -> -0.2815648 | J243: =($B$1+Table4[[#This Row],[Home Differential]])-Table4[[#This Row],[Away Differential]] -> -0.98083152 | K243: =IF(Table4[[#This Row],[HomeIce Differential]]>0,Table4[[#This Row],[Home]],Table4[[#This Row],[Visitor]]) -> Columbus Blue Jackets | L243: =MAX(0, MIN(1,IF(Table4[[#This Row],[HomeIce Differential]]>0,((MAX(_xlfn.XLOOKUP(Table4[[#This Row],[Home]],Table1[[#All],[Team]],Table1[[#All],[HomeWin%]]), 0.54))/(MAX(_xlfn.XLOOKUP(Table4[[#This Row],[Home]],Table1[[#All],[Team]],Table1[[#All],[HomeWin%]]), 0.54)+MAX(_xlfn.XLOOKUP(Table4[[#This Row],[Visitor]],Table1[[#All],[Team]],Table1[[#All],[AwayWin%]]), 0.46)))+(Table4[[#This Row],[HomeIce Differential]]*$T$10),((MAX(_xlfn.XLOOKUP(Table4[[#This Row],[Visitor]],Table1[[#All],[Team]],Table1[[#All],[AwayWin%]]), 0.46))/(MAX(_xlfn.XLOOKUP(Table4[[#This Row],[Visitor]],Table1[[#All],[Team]],Table1[[#All],[AwayWin%]]), 0.46)+MAX(_xlfn.XLOOKUP(Table4[[#This Row],[Home]],Table1[[#All],[Team]],Table1[[#All],[HomeWin%]]), 0.54)))+(ABS(Table4[[#This Row],[HomeIce Differential]])*$T$10)))) -> 0.58215755 | M243: =IF(OR((NHL2025_26Results[[#This Row],[Winning Team]]="")),"-",IF(Table4[[#This Row],[Predicted Winner]]=NHL2025_26Results[[#This Row],[Winning Team]],"YES","NO")) -> NO | N243: =IF(Table4[[#This Row],[Adjusted Correct]]="-", "",IF(Table4[[#This Row],[Adjusted Correct]]="YES",(Table4[[#This Row],[Strength of Win]]-1)^2,(Table4[[#This Row],[Strength of Win]]-0)^2)) -> 0.33890741 | O243: -0.5532381 | P243: 0.59240285 | Q243: =IF(Table4[[#This Row],[HomeIce Differential]]>0,Table4[[#This Row],[Home]],Table4[[#This Row],[Visitor]]) -> Columbus Blue Jackets | R243: NO
D244: 45969 | E244: 0.91666667 | F244: Vegas Golden Knights | G244: =VLOOKUP(Table4[[#This Row],[Home]],'NHL Model'!$A$6:$B$38,2,FALSE) -> -0.16296463 | H244: Anaheim Ducks | I244: =VLOOKUP(Table4[[#This Row],[Visitor]],'NHL Model'!$A$6:$B$38,2,FALSE) -> -0.46360583 | J244: =($B$1+Table4[[#This Row],[Home Differential]])-Table4[[#This Row],[Away Differential]] -> 0.43024818 | K244: =IF(Table4[[#This Row],[HomeIce Differential]]>0,Table4[[#This Row],[Home]],Table4[[#This Row],[Visitor]]) -> Vegas Golden Knights | L244: =MAX(0, MIN(1,IF(Table4[[#This Row],[HomeIce Differential]]>0,((MAX(_xlfn.XLOOKUP(Table4[[#This Row],[Home]],Table1[[#All],[Team]],Table1[[#All],[HomeWin%]]), 0.54))/(MAX(_xlfn.XLOOKUP(Table4[[#This Row],[Home]],Table1[[#All],[Team]],Table1[[#All],[HomeWin%]]), 0.54)+MAX(_xlfn.XLOOKUP(Table4[[#This Row],[Visitor]],Table1[[#All],[Team]],Table1[[#All],[AwayWin%]]), 0.46)))+(Table4[[#This Row],[HomeIce Differential]]*$T$10),((MAX(_xlfn.XLOOKUP(Table4[[#This Row],[Visitor]],Table1[[#All],[Team]],Table1[[#All],[AwayWin%]]), 0.46))/(MAX(_xlfn.XLOOKUP(Table4[[#This Row],[Visitor]],Table1[[#All],[Team]],Table1[[#All],[AwayWin%]]), 0.46)+MAX(_xlfn.XLOOKUP(Table4[[#This Row],[Home]],Table1[[#All],[Team]],Table1[[#All],[HomeWin%]]), 0.54)))+(ABS(Table4[[#This Row],[HomeIce Differential]])*$T$10)))) -> 0.58831423 | M244: =IF(OR((NHL2025_26Results[[#This Row],[Winning Team]]="")),"-",IF(Table4[[#This Row],[Predicted Winner]]=NHL2025_26Results[[#This Row],[Winning Team]],"YES","NO")) -> NO | N244: =IF(Table4[[#This Row],[Adjusted Correct]]="-", "",IF(Table4[[#This Row],[Adjusted Correct]]="YES",(Table4[[#This Row],[Strength of Win]]-1)^2,(Table4[[#This Row],[Strength of Win]]-0)^2)) -> 0.34611364 | O244: -0.47279505 | P244: 0.58927219 | Q244: =IF(Table4[[#This Row],[HomeIce Differential]]>0,Table4[[#This Row],[Home]],Table4[[#This Row],[Visitor]]) -> Vegas Golden Knights | R244: YES
D245: 45970 | E245: 0.91666667 | F245: Anaheim Ducks | G245: =VLOOKUP(Table4[[#This Row],[Home]],'NHL Model'!$A$6:$B$38,2,FALSE) -> -0.46360583 | H245: Winnipeg Jets | I245: =VLOOKUP(Table4[[#This Row],[Visitor]],'NHL Model'!$A$6:$B$38,2,FALSE) -> -0.58845147 | J245: =($B$1+Table4[[#This Row],[Home Differential]])-Table4[[#This Row],[Away Differential]] -> 0.25445263 | K245: =IF(Table4[[#This Row],[HomeIce Differential]]>0,Table4[[#This Row],[Home]],Table4[[#This Row],[Visitor]]) -> Anaheim Ducks | L245: =MAX(0, MIN(1,IF(Table4[[#This Row],[HomeIce Differential]]>0,((MAX(_xlfn.XLOOKUP(Table4[[#This Row],[Home]],Table1[[#All],[Team]],Table1[[#All],[HomeWin%]]), 0.54))/(MAX(_xlfn.XLOOKUP(Table4[[#This Row],[Home]],Table1[[#All],[Team]],Table1[[#All],[HomeWin%]]), 0.54)+MAX(_xlfn.XLOOKUP(Table4[[#This Row],[Visitor]],Table1[[#All],[Team]],Table1[[#All],[AwayWin%]]), 0.46)))+(Table4[[#This Row],[HomeIce Differential]]*$T$10),((MAX(_xlfn.XLOOKUP(Table4[[#This Row],[Visitor]],Table1[[#All],[Team]],Table1[[#All],[AwayWin%]]), 0.46))/(MAX(_xlfn.XLOOKUP(Table4[[#This Row],[Visitor]],Table1[[#All],[Team]],Table1[[#All],[AwayWin%]]), 0.46)+MAX(_xlfn.XLOOKUP(Table4[[#This Row],[Home]],Table1[[#All],[Team]],Table1[[#All],[HomeWin%]]), 0.54)))+(ABS(Table4[[#This Row],[HomeIce Differential]])*$T$10)))) -> 0.62028945 | M245: =IF(OR((NHL2025_26Results[[#This Row],[Winning Team]]="")),"-",IF(Table4[[#This Row],[Predicted Winner]]=NHL2025_26Results[[#This Row],[Winning Team]],"YES","NO")) -> YES | N245: =IF(Table4[[#This Row],[Adjusted Correct]]="-", "",IF(Table4[[#This Row],[Adjusted Correct]]="YES",(Table4[[#This Row],[Strength of Win]]-1)^2,(Table4[[#This Row],[Strength of Win]]-0)^2)) -> 0.14418011 | O245: 0.8673643 | P245: 0.57021583 | Q245: Anaheim Ducks | R245: YES
D246: 45970 | E246: 0.79166667 | F246: Dallas Stars | G246: =VLOOKUP(Table4[[#This Row],[Home]],'NHL Model'!$A$6:$B$38,2,FALSE) -> 0.21708031 | H246: Seattle Kraken | I246: =VLOOKUP(Table4[[#This Row],[Visitor]],'NHL Model'!$A$6:$B$38,2,FALSE) -> -0.48236715 | J246: =($B$1+Table4[[#This Row],[Home Differential]])-Table4[[#This Row],[Away Differential]] -> 0.82905445 | K246: =IF(Table4[[#This Row],[HomeIce Differential]]>0,Table4[[#This Row],[Home]],Table4[[#This Row],[Visitor]]) -> Dallas Stars | L246: =MAX(0, MIN(1,IF(Table4[[#This Row],[HomeIce Differential]]>0,((MAX(_xlfn.XLOOKUP(Table4[[#This Row],[Home]],Table1[[#All],[Team]],Table1[[#All],[HomeWin%]]), 0.54))/(MAX(_xlfn.XLOOKUP(Table4[[#This Row],[Home]],Table1[[#All],[Team]],Table1[[#All],[HomeWin%]]), 0.54)+MAX(_xlfn.XLOOKUP(Table4[[#This Row],[Visitor]],Table1[[#All],[Team]],Table1[[#All],[AwayWin%]]), 0.46)))+(Table4[[#This Row],[HomeIce Differential]]*$T$10),((MAX(_xlfn.XLOOKUP(Table4[[#This Row],[Visitor]],Table1[[#All],[Team]],Table1[[#All],[AwayWin%]]), 0.46))/(MAX(_xlfn.XLOOKUP(Table4[[#This Row],[Visitor]],Table1[[#All],[Team]],Table1[[#All],[AwayWin%]]), 0.46)+MAX(_xlfn.XLOOKUP(Table4[[#This Row],[Home]],Table1[[#All],[Team]],Table1[[#All],[HomeWin%]]), 0.54)))+(ABS(Table4[[#This Row],[HomeIce Differential]])*$T$10)))) -> 0.67093593 | M246: =IF(OR((NHL2025_26Results[[#This Row],[Winning Team]]="")),"-",IF(Table4[[#This Row],[Predicted Winner]]=NHL2025_26Results[[#This Row],[Winning Team]],"YES","NO")) -> YES | N246: =IF(Table4[[#This Row],[Adjusted Correct]]="-", "",IF(Table4[[#This Row],[Adjusted Correct]]="YES",(Table4[[#This Row],[Strength of Win]]-1)^2,(Table4[[#This Row],[Strength of Win]]-0)^2)) -> 0.10828316 | O246: 0.14080241 | P246: 0.55991867 | Q246: Dallas Stars | R246: YES
D247: 45970 | E247: 0.54166667 | F247: Detroit Red Wings | G247: =VLOOKUP(Table4[[#This Row],[Home]],'NHL Model'!$A$6:$B$38,2,FALSE) -> -0.33113779 | H247: Chicago Blackhawks | I247: =VLOOKUP(Table4[[#This Row],[Visitor]],'NHL Model'!$A$6:$B$38,2,FALSE) -> -0.92658078 | J247: =($B$1+Table4[[#This Row],[Home Differential]])-Table4[[#This Row],[Away Differential]] -> 0.72504998 | K247: =IF(Table4[[#This Row],[HomeIce Differential]]>0,Table4[[#This Row],[Home]],Table4[[#This Row],[Visitor]]) -> Detroit Red Wings | L247: =MAX(0, MIN(1,IF(Table4[[#This Row],[HomeIce Differential]]>0,((MAX(_xlfn.XLOOKUP(Table4[[#This Row],[Home]],Table1[[#All],[Team]],Table1[[#All],[HomeWin%]]), 0.54))/(MAX(_xlfn.XLOOKUP(Table4[[#This Row],[Home]],Table1[[#All],[Team]],Table1[[#All],[HomeWin%]]), 0.54)+MAX(_xlfn.XLOOKUP(Table4[[#This Row],[Visitor]],Table1[[#All],[Team]],Table1[[#All],[AwayWin%]]), 0.46)))+(Table4[[#This Row],[HomeIce Differential]]*$T$10),((MAX(_xlfn.XLOOKUP(Table4[[#This Row],[Visitor]],Table1[[#All],[Team]],Table1[[#All],[AwayWin%]]), 0.46))/(MAX(_xlfn.XLOOKUP(Table4[[#This Row],[Visitor]],Table1[[#All],[Team]],Table1[[#All],[AwayWin%]]), 0.46)+MAX(_xlfn.XLOOKUP(Table4[[#This Row],[Home]],Table1[[#All],[Team]],Table1[[#All],[HomeWin%]]), 0.54)))+(ABS(Table4[[#This Row],[HomeIce Differential]])*$T$10)))) -> 0.6474564 | M247: =IF(OR((NHL2025_26Results[[#This Row],[Winning Team]]="")),"-",IF(Table4[[#This Row],[Predicted Winner]]=NHL2025_26Results[[#This Row],[Winning Team]],"YES","NO")) -> NO | N247: =IF(Table4[[#This Row],[Adjusted Correct]]="-", "",IF(Table4[[#This Row],[Adjusted Correct]]="YES",(Table4[[#This Row],[Strength of Win]]-1)^2,(Table4[[#This Row],[Strength of Win]]-0)^2)) -> 0.41919979 | O247: -0.44568461 | P247: 0.52304894 | Q247: Chicago Blackhawks | R247: YES
D248: 45970 | E248: 0.83333333 | F248: Minnesota Wild | G248: =VLOOKUP(Table4[[#This Row],[Home]],'NHL Model'!$A$6:$B$38,2,FALSE) -> 0.060485284 | H248: Calgary Flames | I248: =VLOOKUP(Table4[[#This Row],[Visitor]],'NHL Model'!$A$6:$B$38,2,FALSE) -> -0.89031222 | J248: =($B$1+Table4[[#This Row],[Home Differential]])-Table4[[#This Row],[Away Differential]] -> 1.0804045 | K248: =IF(Table4[[#This Row],[HomeIce Differential]]>0,Table4[[#This Row],[Home]],Table4[[#This Row],[Visitor]]) -> Minnesota Wild | L248: =MAX(0, MIN(1,IF(Table4[[#This Row],[HomeIce Differential]]>0,((MAX(_xlfn.XLOOKUP(Table4[[#This Row],[Home]],Table1[[#All],[Team]],Table1[[#All],[HomeWin%]]), 0.54))/(MAX(_xlfn.XLOOKUP(Table4[[#This Row],[Home]],Table1[[#All],[Team]],Table1[[#All],[HomeWin%]]), 0.54)+MAX(_xlfn.XLOOKUP(Table4[[#This Row],[Visitor]],Table1[[#All],[Team]],Table1[[#All],[AwayWin%]]), 0.46)))+(Table4[[#This Row],[HomeIce Differential]]*$T$10),((MAX(_xlfn.XLOOKUP(Table4[[#This Row],[Visitor]],Table1[[#All],[Team]],Table1[[#All],[AwayWin%]]), 0.46))/(MAX(_xlfn.XLOOKUP(Table4[[#This Row],[Visitor]],Table1[[#All],[Team]],Table1[[#All],[AwayWin%]]), 0.46)+MAX(_xlfn.XLOOKUP(Table4[[#This Row],[Home]],Table1[[#All],[Team]],Table1[[#All],[HomeWin%]]), 0.54)))+(ABS(Table4[[#This Row],[HomeIce Differential]])*$T$10)))) -> 0.67327085 | M248: =IF(OR((NHL2025_26Results[[#This Row],[Winning Team]]="")),"-",IF(Table4[[#This Row],[Predicted Winner]]=NHL2025_26Results[[#This Row],[Winning Team]],"YES","NO")) -> YES | N248: =IF(Table4[[#This Row],[Adjusted Correct]]="-", "",IF(Table4[[#This Row],[Adjusted Correct]]="YES",(Table4[[#This Row],[Strength of Win]]-1)^2,(Table4[[#This Row],[Strength of Win]]-0)^2)) -> 0.10675194 | O248: 0.73573167 | P248: 0.64408056 | Q248: Minnesota Wild | R248: YES
D249: 45970 | E249: 0.79166667 | F249: Ottawa Senators | G249: =VLOOKUP(Table4[[#This Row],[Home]],'NHL Model'!$A$6:$B$38,2,FALSE) -> -0.19010748 | H249: Utah Mammoth | I249: =VLOOKUP(Table4[[#This Row],[Visitor]],'NHL Model'!$A$6:$B$38,2,FALSE) -> 0.084094726 | J249: =($B$1+Table4[[#This Row],[Home Differential]])-Table4[[#This Row],[Away Differential]] -> -0.14459522 | K249: =IF(Table4[[#This Row],[HomeIce Differential]]>0,Table4[[#This Row],[Home]],Table4[[#This Row],[Visitor]]) -> Utah Mammoth | L249: =MAX(0, MIN(1,IF(Table4[[#This Row],[HomeIce Differential]]>0,((MAX(_xlfn.XLOOKUP(Table4[[#This Row],[Home]],Table1[[#All],[Team]],Table1[[#All],[HomeWin%]]), 0.54))/(MAX(_xlfn.XLOOKUP(Table4[[#This Row],[Home]],Table1[[#All],[Team]],Table1[[#All],[HomeWin%]]), 0.54)+MAX(_xlfn.XLOOKUP(Table4[[#This Row],[Visitor]],Table1[[#All],[Team]],Table1[[#All],[AwayWin%]]), 0.46)))+(Table4[[#This Row],[HomeIce Differential]]*$T$10),((MAX(_xlfn.XLOOKUP(Table4[[#This Row],[Visitor]],Table1[[#All],[Team]],Table1[[#All],[AwayWin%]]), 0.46))/(MAX(_xlfn.XLOOKUP(Table4[[#This Row],[Visitor]],Table1[[#All],[Team]],Table1[[#All],[AwayWin%]]), 0.46)+MAX(_xlfn.XLOOKUP(Table4[[#This Row],[Home]],Table1[[#All],[Team]],Table1[[#All],[HomeWin%]]), 0.54)))+(ABS(Table4[[#This Row],[HomeIce Differential]])*$T$10)))) -> 0.47623716 | M249: =IF(OR((NHL2025_26Results[[#This Row],[Winning Team]]="")),"-",IF(Table4[[#This Row],[Predicted Winner]]=NHL2025_26Results[[#This Row],[Winning Team]],"YES","NO")) -> NO | N249: =IF(Table4[[#This Row],[Adjusted Correct]]="-", "",IF(Table4[[#This Row],[Adjusted Correct]]="YES",(Table4[[#This Row],[Strength of Win]]-1)^2,(Table4[[#This Row],[Strength of Win]]-0)^2)) -> 0.22680183 | O249: -0.38200241 | P249: 0.53480935 | Q249: Utah Mammoth | R249: NO
D250: 45970 | E250: 0.58333333 | F250: Pittsburgh Penguins | G250: =VLOOKUP(Table4[[#This Row],[Home]],'NHL Model'!$A$6:$B$38,2,FALSE) -> 3.6349513e-05 | H250: Los Angeles Kings | I250: =VLOOKUP(Table4[[#This Row],[Visitor]],'NHL Model'!$A$6:$B$38,2,FALSE) -> -0.5906969 | J250: =($B$1+Table4[[#This Row],[Home Differential]])-Table4[[#This Row],[Away Differential]] -> 0.72034023 | K250: =IF(Table4[[#This Row],[HomeIce Differential]]>0,Table4[[#This Row],[Home]],Table4[[#This Row],[Visitor]]) -> Pittsburgh Penguins | L250: =MAX(0, MIN(1,IF(Table4[[#This Row],[HomeIce Differential]]>0,((MAX(_xlfn.XLOOKUP(Table4[[#This Row],[Home]],Table1[[#All],[Team]],Table1[[#All],[HomeWin%]]), 0.54))/(MAX(_xlfn.XLOOKUP(Table4[[#This Row],[Home]],Table1[[#All],[Team]],Table1[[#All],[HomeWin%]]), 0.54)+MAX(_xlfn.XLOOKUP(Table4[[#This Row],[Visitor]],Table1[[#All],[Team]],Table1[[#All],[AwayWin%]]), 0.46)))+(Table4[[#This Row],[HomeIce Differential]]*$T$10),((MAX(_xlfn.XLOOKUP(Table4[[#This Row],[Visitor]],Table1[[#All],[Team]],Table1[[#All],[AwayWin%]]), 0.46))/(MAX(_xlfn.XLOOKUP(Table4[[#This Row],[Visitor]],Table1[[#All],[Team]],Table1[[#All],[AwayWin%]]), 0.46)+MAX(_xlfn.XLOOKUP(Table4[[#This Row],[Home]],Table1[[#All],[Team]],Table1[[#All],[HomeWin%]]), 0.54)))+(ABS(Table4[[#This Row],[HomeIce Differential]])*$T$10)))) -> 0.60012056 | M250: =IF(OR((NHL2025_26Results[[#This Row],[Winning Team]]="")),"-",IF(Table4[[#This Row],[Predicted Winner]]=NHL2025_26Results[[#This Row],[Winning Team]],"YES","NO")) -> NO | N250: =IF(Table4[[#This Row],[Adjusted Correct]]="-", "",IF(Table4[[#This Row],[Adjusted Correct]]="YES",(Table4[[#This Row],[Strength of Win]]-1)^2,(Table4[[#This Row],[Strength of Win]]-0)^2)) -> 0.36014469 | O250: 0.98327926 | P250: 0.60261928 | Q250: Pittsburgh Penguins | R250: NO
D251: 45970 | E251: 0.79166667 | F251: Toronto Maple Leafs | G251: =VLOOKUP(Table4[[#This Row],[Home]],'NHL Model'!$A$6:$B$38,2,FALSE) -> -0.44228057 | H251: Carolina Hurricanes | I251: =VLOOKUP(Table4[[#This Row],[Visitor]],'NHL Model'!$A$6:$B$38,2,FALSE) -> 0.2324942 | J251: =($B$1+Table4[[#This Row],[Home Differential]])-Table4[[#This Row],[Away Differential]] -> -0.54516778 | K251: =IF(Table4[[#This Row],[HomeIce Differential]]>0,Table4[[#This Row],[Home]],Table4[[#This Row],[Visitor]]) -> Carolina Hurricanes | L251: =MAX(0, MIN(1,IF(Table4[[#This Row],[HomeIce Differential]]>0,((MAX(_xlfn.XLOOKUP(Table4[[#This Row],[Home]],Table1[[#All],[Team]],Table1[[#All],[HomeWin%]]), 0.54))/(MAX(_xlfn.XLOOKUP(Table4[[#This Row],[Home]],Table1[[#All],[Team]],Table1[[#All],[HomeWin%]]), 0.54)+MAX(_xlfn.XLOOKUP(Table4[[#This Row],[Visitor]],Table1[[#All],[Team]],Table1[[#All],[AwayWin%]]), 0.46)))+(Table4[[#This Row],[HomeIce Differential]]*$T$10),((MAX(_xlfn.XLOOKUP(Table4[[#This Row],[Visitor]],Table1[[#All],[Team]],Table1[[#All],[AwayWin%]]), 0.46))/(MAX(_xlfn.XLOOKUP(Table4[[#This Row],[Visitor]],Table1[[#All],[Team]],Table1[[#All],[AwayWin%]]), 0.46)+MAX(_xlfn.XLOOKUP(Table4[[#This Row],[Home]],Table1[[#All],[Team]],Table1[[#All],[HomeWin%]]), 0.54)))+(ABS(Table4[[#This Row],[HomeIce Differential]])*$T$10)))) -> 0.57774792 | M251: =IF(OR((NHL2025_26Results[[#This Row],[Winning Team]]="")),"-",IF(Table4[[#This Row],[Predicted Winner]]=NHL2025_26Results[[#This Row],[Winning Team]],"YES","NO")) -> YES | N251: =IF(Table4[[#This Row],[Adjusted Correct]]="-", "",IF(Table4[[#This Row],[Adjusted Correct]]="YES",(Table4[[#This Row],[Strength of Win]]-1)^2,(Table4[[#This Row],[Strength of Win]]-0)^2)) -> 0.17829682 | O251: -1.4654076 | P251: 0.74378512 | Q251: Carolina Hurricanes | R251: YES
D252: 45970 | E252: 0.91666667 | F252: Vancouver Canucks | G252: =VLOOKUP(Table4[[#This Row],[Home]],'NHL Model'!$A$6:$B$38,2,FALSE) -> -1.3920033 | H252: Colorado Avalanche | I252: =VLOOKUP(Table4[[#This Row],[Visitor]],'NHL Model'!$A$6:$B$38,2,FALSE) -> 0.99866683 | J252: =($B$1+Table4[[#This Row],[Home Differential]])-Table4[[#This Row],[Away Differential]] -> -2.2610632 | K252: =IF(Table4[[#This Row],[HomeIce Differential]]>0,Table4[[#This Row],[Home]],Table4[[#This Row],[Visitor]]) -> Colorado Avalanche | L252: =MAX(0, MIN(1,IF(Table4[[#This Row],[HomeIce Differential]]>0,((MAX(_xlfn.XLOOKUP(Table4[[#This Row],[Home]],Table1[[#All],[Team]],Table1[[#All],[HomeWin%]]), 0.54))/(MAX(_xlfn.XLOOKUP(Table4[[#This Row],[Home]],Table1[[#All],[Team]],Table1[[#All],[HomeWin%]]), 0.54)+MAX(_xlfn.XLOOKUP(Table4[[#This Row],[Visitor]],Table1[[#All],[Team]],Table1[[#All],[AwayWin%]]), 0.46)))+(Table4[[#This Row],[HomeIce Differential]]*$T$10),((MAX(_xlfn.XLOOKUP(Table4[[#This Row],[Visitor]],Table1[[#All],[Team]],Table1[[#All],[AwayWin%]]), 0.46))/(MAX(_xlfn.XLOOKUP(Table4[[#This Row],[Visitor]],Table1[[#All],[Team]],Table1[[#All],[AwayWin%]]), 0.46)+MAX(_xlfn.XLOOKUP(Table4[[#This Row],[Home]],Table1[[#All],[Team]],Table1[[#All],[HomeWin%]]), 0.54)))+(ABS(Table4[[#This Row],[HomeIce Differential]])*$T$10)))) -> 0.78316878 | M252: =IF(OR((NHL2025_26Results[[#This Row],[Winning Team]]="")),"-",IF(Table4[[#This Row],[Predicted Winner]]=NHL2025_26Results[[#This Row],[Winning Team]],"YES","NO")) -> YES | N252: =IF(Table4[[#This Row],[Adjusted Correct]]="-", "",IF(Table4[[#This Row],[Adjusted Correct]]="YES",(Table4[[#This Row],[Strength of Win]]-1)^2,(Table4[[#This Row],[Strength of Win]]-0)^2)) -> 0.047015779 | O252: -2.41333 | P252: 0.84850203 | Q252: Colorado Avalanche | R252: YES
D253: 45971 | E253: 0.85416667 | F253: Edmonton Oilers | G253: =VLOOKUP(Table4[[#This Row],[Home]],'NHL Model'!$A$6:$B$38,2,FALSE) -> -0.36462595 | H253: Columbus Blue Jackets | I253: =VLOOKUP(Table4[[#This Row],[Visitor]],'NHL Model'!$A$6:$B$38,2,FALSE) -> -0.2815648 | J253: =($B$1+Table4[[#This Row],[Home Differential]])-Table4[[#This Row],[Away Differential]] -> 0.046545835 | K253: =IF(Table4[[#This Row],[HomeIce Differential]]>0,Table4[[#This Row],[Home]],Table4[[#This Row],[Visitor]]) -> Edmonton Oilers | L253: =MAX(0, MIN(1,IF(Table4[[#This Row],[HomeIce Differential]]>0,((MAX(_xlfn.XLOOKUP(Table4[[#This Row],[Home]],Table1[[#All],[Team]],Table1[[#All],[HomeWin%]]), 0.54))/(MAX(_xlfn.XLOOKUP(Table4[[#This Row],[Home]],Table1[[#All],[Team]],Table1[[#All],[HomeWin%]]), 0.54)+MAX(_xlfn.XLOOKUP(Table4[[#This Row],[Visitor]],Table1[[#All],[Team]],Table1[[#All],[AwayWin%]]), 0.46)))+(Table4[[#This Row],[HomeIce Differential]]*$T$10),((MAX(_xlfn.XLOOKUP(Table4[[#This Row],[Visitor]],Table1[[#All],[Team]],Table1[[#All],[AwayWin%]]), 0.46))/(MAX(_xlfn.XLOOKUP(Table4[[#This Row],[Visitor]],Table1[[#All],[Team]],Table1[[#All],[AwayWin%]]), 0.46)+MAX(_xlfn.XLOOKUP(Table4[[#This Row],[Home]],Table1[[#All],[Team]],Table1[[#All],[HomeWin%]]), 0.54)))+(ABS(Table4[[#This Row],[HomeIce Differential]])*$T$10)))) -> 0.53321063 | M253: =IF(OR((NHL2025_26Results[[#This Row],[Winning Team]]="")),"-",IF(Table4[[#This Row],[Predicted Winner]]=NHL2025_26Results[[#This Row],[Winning Team]],"YES","NO")) -> YES | N253: =IF(Table4[[#This Row],[Adjusted Correct]]="-", "",IF(Table4[[#This Row],[Adjusted Correct]]="YES",(Table4[[#This Row],[Strength of Win]]-1)^2,(Table4[[#This Row],[Strength of Win]]-0)^2)) -> 0.21789232 | O253: -0.37024262 | P253: 0.5198992 | Q253: Columbus Blue Jackets | R253: NO
D254: 45971 | E254: 0.79166667 | F254: New Jersey Devils | G254: =VLOOKUP(Table4[[#This Row],[Home]],'NHL Model'!$A$6:$B$38,2,FALSE) -> -0.74510804 | H254: New York Islanders | I254: =VLOOKUP(Table4[[#This Row],[Visitor]],'NHL Model'!$A$6:$B$38,2,FALSE) -> -0.18630463 | J254: =($B$1+Table4[[#This Row],[Home Differential]])-Table4[[#This Row],[Away Differential]] -> -0.42919642 | K254: =IF(Table4[[#This Row],[HomeIce Differential]]>0,Table4[[#This Row],[Home]],Table4[[#This Row],[Visitor]]) -> New York Islanders | L254: =MAX(0, MIN(1,IF(Table4[[#This Row],[HomeIce Differential]]>0,((MAX(_xlfn.XLOOKUP(Table4[[#This Row],[Home]],Table1[[#All],[Team]],Table1[[#All],[HomeWin%]]), 0.54))/(MAX(_xlfn.XLOOKUP(Table4[[#This Row],[Home]],Table1[[#All],[Team]],Table1[[#All],[HomeWin%]]), 0.54)+MAX(_xlfn.XLOOKUP(Table4[[#This Row],[Visitor]],Table1[[#All],[Team]],Table1[[#All],[AwayWin%]]), 0.46)))+(Table4[[#This Row],[HomeIce Differential]]*$T$10),((MAX(_xlfn.XLOOKUP(Table4[[#This Row],[Visitor]],Table1[[#All],[Team]],Table1[[#All],[AwayWin%]]), 0.46))/(MAX(_xlfn.XLOOKUP(Table4[[#This Row],[Visitor]],Table1[[#All],[Team]],Table1[[#All],[AwayWin%]]), 0.46)+MAX(_xlfn.XLOOKUP(Table4[[#This Row],[Home]],Table1[[#All],[Team]],Table1[[#All],[HomeWin%]]), 0.54)))+(ABS(Table4[[#This Row],[HomeIce Differential]])*$T$10)))) -> 0.54509054 | M254: =IF(OR((NHL2025_26Results[[#This Row],[Winning Team]]="")),"-",IF(Table4[[#This Row],[Predicted Winner]]=NHL2025_26Results[[#This Row],[Winning Team]],"YES","NO")) -> YES | N254: =IF(Table4[[#This Row],[Adjusted Correct]]="-", "",IF(Table4[[#This Row],[Adjusted Correct]]="YES",(Table4[[#This Row],[Strength of Win]]-1)^2,(Table4[[#This Row],[Strength of Win]]-0)^2)) -> 0.20694262 | O254: 1.1289718 | P254: 0.84725217 | Q254: New Jersey Devils | R254: NO
D255: 45971 | E255: 0.79166667 | F255: New York Rangers | G255: =VLOOKUP(Table4[[#This Row],[Home]],'NHL Model'!$A$6:$B$38,2,FALSE) -> -0.73651915 | H255: Nashville Predators | I255: =VLOOKUP(Table4[[#This Row],[Visitor]],'NHL Model'!$A$6:$B$38,2,FALSE) -> -0.82056481 | J255: =($B$1+Table4[[#This Row],[Home Differential]])-Table4[[#This Row],[Away Differential]] -> 0.21365264 | K255: =IF(Table4[[#This Row],[HomeIce Differential]]>0,Table4[[#This Row],[Home]],Table4[[#This Row],[Visitor]]) -> New York Rangers | L255: =MAX(0, MIN(1,IF(Table4[[#This Row],[HomeIce Differential]]>0,((MAX(_xlfn.XLOOKUP(Table4[[#This Row],[Home]],Table1[[#All],[Team]],Table1[[#All],[HomeWin%]]), 0.54))/(MAX(_xlfn.XLOOKUP(Table4[[#This Row],[Home]],Table1[[#All],[Team]],Table1[[#All],[HomeWin%]]), 0.54)+MAX(_xlfn.XLOOKUP(Table4[[#This Row],[Visitor]],Table1[[#All],[Team]],Table1[[#All],[AwayWin%]]), 0.46)))+(Table4[[#This Row],[HomeIce Differential]]*$T$10),((MAX(_xlfn.XLOOKUP(Table4[[#This Row],[Visitor]],Table1[[#All],[Team]],Table1[[#All],[AwayWin%]]), 0.46))/(MAX(_xlfn.XLOOKUP(Table4[[#This Row],[Visitor]],Table1[[#All],[Team]],Table1[[#All],[AwayWin%]]), 0.46)+MAX(_xlfn.XLOOKUP(Table4[[#This Row],[Home]],Table1[[#All],[Team]],Table1[[#All],[HomeWin%]]), 0.54)))+(ABS(Table4[[#This Row],[HomeIce Differential]])*$T$10)))) -> 0.56399188 | M255: =IF(OR((NHL2025_26Results[[#This Row],[Winning Team]]="")),"-",IF(Table4[[#This Row],[Predicted Winner]]=NHL2025_26Results[[#This Row],[Winning Team]],"YES","NO")) -> YES | N255: =IF(Table4[[#This Row],[Adjusted Correct]]="-", "",IF(Table4[[#This Row],[Adjusted Correct]]="YES",(Table4[[#This Row],[Strength of Win]]-1)^2,(Table4[[#This Row],[Strength of Win]]-0)^2)) -> 0.19010308 | O255: 0.74792471 | P255: 0.64753469 | Q255: New York Rangers | R255: YES
D256: 45971 | E256: 0.91666667 | F256: Vegas Golden Knights | G256: =VLOOKUP(Table4[[#This Row],[Home]],'NHL Model'!$A$6:$B$38,2,FALSE) -> -0.16296463 | H256: Florida Panthers | I256: =VLOOKUP(Table4[[#This Row],[Visitor]],'NHL Model'!$A$6:$B$38,2,FALSE) -> -0.55695213 | J256: =($B$1+Table4[[#This Row],[Home Differential]])-Table4[[#This Row],[Away Differential]] -> 0.52359448 | K256: =IF(Table4[[#This Row],[HomeIce Differential]]>0,Table4[[#This Row],[Home]],Table4[[#This Row],[Visitor]]) -> Vegas Golden Knights | L256: =MAX(0, MIN(1,IF(Table4[[#This Row],[HomeIce Differential]]>0,((MAX(_xlfn.XLOOKUP(Table4[[#This Row],[Home]],Table1[[#All],[Team]],Table1[[#All],[HomeWin%]]), 0.54))/(MAX(_xlfn.XLOOKUP(Table4[[#This Row],[Home]],Table1[[#All],[Team]],Table1[[#All],[HomeWin%]]), 0.54)+MAX(_xlfn.XLOOKUP(Table4[[#This Row],[Visitor]],Table1[[#All],[Team]],Table1[[#All],[AwayWin%]]), 0.46)))+(Table4[[#This Row],[HomeIce Differential]]*$T$10),((MAX(_xlfn.XLOOKUP(Table4[[#This Row],[Visitor]],Table1[[#All],[Team]],Table1[[#All],[AwayWin%]]), 0.46))/(MAX(_xlfn.XLOOKUP(Table4[[#This Row],[Visitor]],Table1[[#All],[Team]],Table1[[#All],[AwayWin%]]), 0.46)+MAX(_xlfn.XLOOKUP(Table4[[#This Row],[Home]],Table1[[#All],[Team]],Table1[[#All],[HomeWin%]]), 0.54)))+(ABS(Table4[[#This Row],[HomeIce Differential]])*$T$10)))) -> 0.55950972 | M256: =IF(OR((NHL2025_26Results[[#This Row],[Winning Team]]="")),"-",IF(Table4[[#This Row],[Predicted Winner]]=NHL2025_26Results[[#This Row],[Winning Team]],"YES","NO")) -> NO | N256: =IF(Table4[[#This Row],[Adjusted Correct]]="-", "",IF(Table4[[#This Row],[Adjusted Correct]]="YES",(Table4[[#This Row],[Strength of Win]]-1)^2,(Table4[[#This Row],[Strength of Win]]-0)^2)) -> 0.31305112 | O256: 0.85796449 | P256: 0.66335593 | Q256: Vegas Golden Knights | R256: NO
... D917: 46078 | E917: 0.79166667 | F917: Washington Capitals | G917: =VLOOKUP(Table4[[#This Row],[Home]],'NHL Model'!$A$6:$B$38,2,FALSE) -> -0.11977593 | H917: Philadelphia Flyers | I917: =VLOOKUP(Table4[[#This Row],[Visitor]],'NHL Model'!$A$6:$B$38,2,FALSE) -> -0.55097934 | J917: =($B$1+Table4[[#This Row],[Home Differential]])-Table4[[#This Row],[Away Differential]] -> 0.56081039 | K917: =IF(Table4[[#This Row],[HomeIce Differential]]>0,Table4[[#This Row],[Home]],Table4[[#This Row],[Visitor]]) -> Washington Capitals | L917: =MAX(0, MIN(1,IF(Table4[[#This Row],[HomeIce Differential]]>0,((MAX(_xlfn.XLOOKUP(Table4[[#This Row],[Home]],Table1[[#All],[Team]],Table1[[#All],[HomeWin%]]), 0.54))/(MAX(_xlfn.XLOOKUP(Table4[[#This Row],[Home]],Table1[[#All],[Team]],Table1[[#All],[HomeWin%]]), 0.54)+MAX(_xlfn.XLOOKUP(Table4[[#This Row],[Visitor]],Table1[[#All],[Team]],Table1[[#All],[AwayWin%]]), 0.46)))+(Table4[[#This Row],[HomeIce Differential]]*$T$10),((MAX(_xlfn.XLOOKUP(Table4[[#This Row],[Visitor]],Table1[[#All],[Team]],Table1[[#All],[AwayWin%]]), 0.46))/(MAX(_xlfn.XLOOKUP(Table4[[#This Row],[Visitor]],Table1[[#All],[Team]],Table1[[#All],[AwayWin%]]), 0.46)+MAX(_xlfn.XLOOKUP(Table4[[#This Row],[Home]],Table1[[#All],[Team]],Table1[[#All],[HomeWin%]]), 0.54)))+(ABS(Table4[[#This Row],[HomeIce Differential]])*$T$10)))) -> 0.62094209 | M917: =IF(OR((NHL2025_26Results[[#This Row],[Winning Team]]="")),"-",IF(Table4[[#This Row],[Predicted Winner]]=NHL2025_26Results[[#This Row],[Winning Team]],"YES","NO")) -> YES | N917: =IF(Table4[[#This Row],[Adjusted Correct]]="-", "",IF(Table4[[#This Row],[Adjusted Correct]]="YES",(Table4[[#This Row],[Strength of Win]]-1)^2,(Table4[[#This Row],[Strength of Win]]-0)^2)) -> 0.1436849 | O917: 0.50969643 | P917: 0.60770683 | Q917: Washington Capitals | R917: YES
D918: 46079 | E918: 0.79166667 | F918: Boston Bruins | G918: =VLOOKUP(Table4[[#This Row],[Home]],'NHL Model'!$A$6:$B$38,2,FALSE) -> -0.10253061 | H918: Columbus Blue Jackets | I918: =VLOOKUP(Table4[[#This Row],[Visitor]],'NHL Model'!$A$6:$B$38,2,FALSE) -> -0.2815648 | J918: =($B$1+Table4[[#This Row],[Home Differential]])-Table4[[#This Row],[Away Differential]] -> 0.30864117 | K918: =IF(Table4[[#This Row],[HomeIce Differential]]>0,Table4[[#This Row],[Home]],Table4[[#This Row],[Visitor]]) -> Boston Bruins | L918: =MAX(0, MIN(1,IF(Table4[[#This Row],[HomeIce Differential]]>0,((MAX(_xlfn.XLOOKUP(Table4[[#This Row],[Home]],Table1[[#All],[Team]],Table1[[#All],[HomeWin%]]), 0.54))/(MAX(_xlfn.XLOOKUP(Table4[[#This Row],[Home]],Table1[[#All],[Team]],Table1[[#All],[HomeWin%]]), 0.54)+MAX(_xlfn.XLOOKUP(Table4[[#This Row],[Visitor]],Table1[[#All],[Team]],Table1[[#All],[AwayWin%]]), 0.46)))+(Table4[[#This Row],[HomeIce Differential]]*$T$10),((MAX(_xlfn.XLOOKUP(Table4[[#This Row],[Visitor]],Table1[[#All],[Team]],Table1[[#All],[AwayWin%]]), 0.46))/(MAX(_xlfn.XLOOKUP(Table4[[#This Row],[Visitor]],Table1[[#All],[Team]],Table1[[#All],[AwayWin%]]), 0.46)+MAX(_xlfn.XLOOKUP(Table4[[#This Row],[Home]],Table1[[#All],[Team]],Table1[[#All],[HomeWin%]]), 0.54)))+(ABS(Table4[[#This Row],[HomeIce Differential]])*$T$10)))) -> 0.61465851 | M918: =IF(OR((NHL2025_26Results[[#This Row],[Winning Team]]="")),"-",IF(Table4[[#This Row],[Predicted Winner]]=NHL2025_26Results[[#This Row],[Winning Team]],"YES","NO")) -> - | N918: =IF(Table4[[#This Row],[Adjusted Correct]]="-", "",IF(Table4[[#This Row],[Adjusted Correct]]="YES",(Table4[[#This Row],[Strength of Win]]-1)^2,(Table4[[#This Row],[Strength of Win]]-0)^2)) | O918: 0.30864117 | P918: 0.61465851 | Q918: Boston Bruins
D919: 46079 | E919: 0.79166667 | F919: Carolina Hurricanes | G919: =VLOOKUP(Table4[[#This Row],[Home]],'NHL Model'!$A$6:$B$38,2,FALSE) -> 0.2324942 | H919: Tampa Bay Lightning | I919: =VLOOKUP(Table4[[#This Row],[Visitor]],'NHL Model'!$A$6:$B$38,2,FALSE) -> 0.72108185 | J919: =($B$1+Table4[[#This Row],[Home Differential]])-Table4[[#This Row],[Away Differential]] -> -0.35898066 | K919: =IF(Table4[[#This Row],[HomeIce Differential]]>0,Table4[[#This Row],[Home]],Table4[[#This Row],[Visitor]]) -> Tampa Bay Lightning | L919: =MAX(0, MIN(1,IF(Table4[[#This Row],[HomeIce Differential]]>0,((MAX(_xlfn.XLOOKUP(Table4[[#This Row],[Home]],Table1[[#All],[Team]],Table1[[#All],[HomeWin%]]), 0.54))/(MAX(_xlfn.XLOOKUP(Table4[[#This Row],[Home]],Table1[[#All],[Team]],Table1[[#All],[HomeWin%]]), 0.54)+MAX(_xlfn.XLOOKUP(Table4[[#This Row],[Visitor]],Table1[[#All],[Team]],Table1[[#All],[AwayWin%]]), 0.46)))+(Table4[[#This Row],[HomeIce Differential]]*$T$10),((MAX(_xlfn.XLOOKUP(Table4[[#This Row],[Visitor]],Table1[[#All],[Team]],Table1[[#All],[AwayWin%]]), 0.46))/(MAX(_xlfn.XLOOKUP(Table4[[#This Row],[Visitor]],Table1[[#All],[Team]],Table1[[#All],[AwayWin%]]), 0.46)+MAX(_xlfn.XLOOKUP(Table4[[#This Row],[Home]],Table1[[#All],[Team]],Table1[[#All],[HomeWin%]]), 0.54)))+(ABS(Table4[[#This Row],[HomeIce Differential]])*$T$10)))) -> 0.54073614 | M919: =IF(OR((NHL2025_26Results[[#This Row],[Winning Team]]="")),"-",IF(Table4[[#This Row],[Predicted Winner]]=NHL2025_26Results[[#This Row],[Winning Team]],"YES","NO")) -> - | N919: =IF(Table4[[#This Row],[Adjusted Correct]]="-", "",IF(Table4[[#This Row],[Adjusted Correct]]="YES",(Table4[[#This Row],[Strength of Win]]-1)^2,(Table4[[#This Row],[Strength of Win]]-0)^2)) | O919: -0.35898066 | P919: 0.54073614 | Q919: Tampa Bay Lightning
D920: 46079 | E920: 0.875 | F920: Colorado Avalanche | G920: =VLOOKUP(Table4[[#This Row],[Home]],'NHL Model'!$A$6:$B$38,2,FALSE) -> 0.99866683 | H920: Minnesota Wild | I920: =VLOOKUP(Table4[[#This Row],[Visitor]],'NHL Model'!$A$6:$B$38,2,FALSE) -> 0.060485284 | J920: =($B$1+Table4[[#This Row],[Home Differential]])-Table4[[#This Row],[Away Differential]] -> 1.0677885 | K920: =IF(Table4[[#This Row],[HomeIce Differential]]>0,Table4[[#This Row],[Home]],Table4[[#This Row],[Visitor]]) -> Colorado Avalanche | L920: =MAX(0, MIN(1,IF(Table4[[#This Row],[HomeIce Differential]]>0,((MAX(_xlfn.XLOOKUP(Table4[[#This Row],[Home]],Table1[[#All],[Team]],Table1[[#All],[HomeWin%]]), 0.54))/(MAX(_xlfn.XLOOKUP(Table4[[#This Row],[Home]],Table1[[#All],[Team]],Table1[[#All],[HomeWin%]]), 0.54)+MAX(_xlfn.XLOOKUP(Table4[[#This Row],[Visitor]],Table1[[#All],[Team]],Table1[[#All],[AwayWin%]]), 0.46)))+(Table4[[#This Row],[HomeIce Differential]]*$T$10),((MAX(_xlfn.XLOOKUP(Table4[[#This Row],[Visitor]],Table1[[#All],[Team]],Table1[[#All],[AwayWin%]]), 0.46))/(MAX(_xlfn.XLOOKUP(Table4[[#This Row],[Visitor]],Table1[[#All],[Team]],Table1[[#All],[AwayWin%]]), 0.46)+MAX(_xlfn.XLOOKUP(Table4[[#This Row],[Home]],Table1[[#All],[Team]],Table1[[#All],[HomeWin%]]), 0.54)))+(ABS(Table4[[#This Row],[HomeIce Differential]])*$T$10)))) -> 0.67253768 | M920: =IF(OR((NHL2025_26Results[[#This Row],[Winning Team]]="")),"-",IF(Table4[[#This Row],[Predicted Winner]]=NHL2025_26Results[[#This Row],[Winning Team]],"YES","NO")) -> - | N920: =IF(Table4[[#This Row],[Adjusted Correct]]="-", "",IF(Table4[[#This Row],[Adjusted Correct]]="YES",(Table4[[#This Row],[Strength of Win]]-1)^2,(Table4[[#This Row],[Strength of Win]]-0)^2)) | O920: 1.0677885 | P920: 0.67253768 | Q920: Colorado Avalanche
D921: 46079 | E921: 0.79166667 | F921: Florida Panthers | G921: =VLOOKUP(Table4[[#This Row],[Home]],'NHL Model'!$A$6:$B$38,2,FALSE) -> -0.55695213 | H921: Toronto Maple Leafs | I921: =VLOOKUP(Table4[[#This Row],[Visitor]],'NHL Model'!$A$6:$B$38,2,FALSE) -> -0.44228057 | J921: =($B$1+Table4[[#This Row],[Home Differential]])-Table4[[#This Row],[Away Differential]] -> 0.014935423 | K921: =IF(Table4[[#This Row],[HomeIce Differential]]>0,Table4[[#This Row],[Home]],Table4[[#This Row],[Visitor]]) -> Florida Panthers | L921: =MAX(0, MIN(1,IF(Table4[[#This Row],[HomeIce Differential]]>0,((MAX(_xlfn.XLOOKUP(Table4[[#This Row],[Home]],Table1[[#All],[Team]],Table1[[#All],[HomeWin%]]), 0.54))/(MAX(_xlfn.XLOOKUP(Table4[[#This Row],[Home]],Table1[[#All],[Team]],Table1[[#All],[HomeWin%]]), 0.54)+MAX(_xlfn.XLOOKUP(Table4[[#This Row],[Visitor]],Table1[[#All],[Team]],Table1[[#All],[AwayWin%]]), 0.46)))+(Table4[[#This Row],[HomeIce Differential]]*$T$10),((MAX(_xlfn.XLOOKUP(Table4[[#This Row],[Visitor]],Table1[[#All],[Team]],Table1[[#All],[AwayWin%]]), 0.46))/(MAX(_xlfn.XLOOKUP(Table4[[#This Row],[Visitor]],Table1[[#All],[Team]],Table1[[#All],[AwayWin%]]), 0.46)+MAX(_xlfn.XLOOKUP(Table4[[#This Row],[Home]],Table1[[#All],[Team]],Table1[[#All],[HomeWin%]]), 0.54)))+(ABS(Table4[[#This Row],[HomeIce Differential]])*$T$10)))) -> 0.54167716 | M921: =IF(OR((NHL2025_26Results[[#This Row],[Winning Team]]="")),"-",IF(Table4[[#This Row],[Predicted Winner]]=NHL2025_26Results[[#This Row],[Winning Team]],"YES","NO")) -> - | N921: =IF(Table4[[#This Row],[Adjusted Correct]]="-", "",IF(Table4[[#This Row],[Adjusted Correct]]="YES",(Table4[[#This Row],[Strength of Win]]-1)^2,(Table4[[#This Row],[Strength of Win]]-0)^2)) | O921: 0.014935423 | P921: 0.54167716 | Q921: Florida Panthers
